Startup,Industry,SubVertical,City,Investors,InvestmentType,InvestmentAmount_USD,Date,Year,Quarter,Log_Amount,Stage_Group
Housejoy,EdTech,K12,Mumbai,Lightspeed India,Seed,199000,2023-04-19,2023,2,5.298853076409706,Early
Groww,Media,Streaming,Bengaluru,IFC,Seed,1668000,2025-01-28,2025,1,6.22219604630172,Early
Groww,Mobility,Ride Sharing,Hyderabad,"Nexus Venture Partners, Peak XV",Series B,38052000,2021-03-14,2021,1,7.5803774880747135,Growth
FarmBox,Consumer Electronics,Wearables,Gurugram,"Kalaari Capital, Y Combinator",Seed,455000,2023-09-11,2023,3,5.658011396657113,Early
Udaan,RealEstate,Rental Tech,Mumbai,Bessemer Venture Partners,Seed,89000,2024-01-31,2024,1,4.949390006644912,Early
AeroStack,EdTech,Coding Bootcamp,Delhi,"Matrix Partners India, Peak XV",Pre-Series A,143000,2021-07-24,2021,3,5.155336037465061,Early
Ola,Retail,Fashion,Mumbai,Tiger Global,Seed,62000,2023-01-12,2023,1,4.7923916894982534,Early
FinSpace,Consumer Electronics,Wearables,Gurugram,Blume Ventures,Growth,491721000,2025-01-22,2025,1,8.691718756163597,Late
Rapido,FoodTech,Food Delivery,Kolkata,"A91 Partners, Kedaara Capital, Tiger Global",Seed,459000,2023-11-27,2023,4,5.661812685537261,Early
HyperLoop,EdTech,Test Prep,Ahmedabad,"Mirae Asset, SoftBank Vision Fund, Tiger Global",Series B,35610000,2020-05-04,2020,2,7.551571973674253,Growth
NextSense_10,Mobility,Ride Sharing,Delhi,"IFC, Kalaari Capital, Peak XV",Seed,54000,2020-05-19,2020,2,4.732393759822968,Early
LogiMart,FinTech,NeoBank,Mumbai,"Falcon Edge, Peak XV",Pre-Series A,933000,2023-04-10,2023,2,5.9698816437465,Early
CoreFlow,SaaS,DevTools,Hyderabad,"Elevation Capital, SoftBank Vision Fund, Ventures India",Pre-Series A,680000,2023-10-07,2023,4,5.832508912706237,Early
Groww,FinTech,InsurTech,Ahmedabad,Falcon Edge,Debt,374000,2020-07-23,2020,3,5.57287160220048,Other
ClearDekho,Logistics,Last Mile,Pune,Y Combinator,Private Equity,151993000,2024-12-05,2024,4,8.181823587080451,Late
NextSense,Mobility,Micro Mobility,Hyderabad,"A91 Partners, Falcon Edge, Prosus Ventures",Series A,1643000,2024-07-10,2024,3,6.215637563435061,Growth
Zomato,HealthTech,Pharmacy,Mumbai,"Blume Ventures, Elevation Capital",Private Equity,201485000,2024-02-29,2024,1,8.304242719659696,Late
FarmTech,EdTech,UpSkilling,Noida,Accel,Series A,4142000,2025-01-28,2025,1,6.617210094557434,Growth
Innovaccer,Enterprise,Security,Bengaluru,Ribbit Capital,Pre-Seed,54000,2024-04-28,2024,2,4.732393759822968,Early
CureFit,HealthTech,Health Analytics,Noida,Accel,Series B,11211000,2023-02-22,2023,1,7.0496443525693,Growth
WorkPay,Enterprise,Security,Ahmedabad,Tiger Global,Series A,5243000,2022-05-30,2022,2,6.719579857713724,Growth
Mobikwik,Retail,E-Retail,Pune,"Accel, Bessemer Venture Partners, IFC",Seed,84000,2021-05-26,2021,2,4.924279286061882,Early
Freshworks,AgriTech,Marketplace,Delhi,Tiger Global,Angel,12000,2021-04-29,2021,2,4.079181246047625,Early
EduTech,FinTech,Lending,Pune,"IFC, Matrix Partners India, Zodius Capital",Series C,53939000,2022-04-23,2022,2,7.7319028906057925,Late
AeroStack,FinTech,InsurTech,Gurugram,"Y Combinator, Zodius Capital",Seed,269000,2025-02-23,2025,1,5.429752280002408,Early
HomeFoods,RealEstate,PropTech,Chennai,Tiger Global,Seed,905000,2024-11-05,2024,4,5.956648579205203,Early
QuantumSolutions,Mobility,EV,Noida,IFC,Seed,104000,2020-02-26,2020,1,5.017033339298781,Early
Swiggy,HealthTech,Pharmacy,Bengaluru,Kedaara Capital,Seed,333000,2022-06-08,2022,2,5.52244423350632,Early
HyperLabs,Mobility,Ride Sharing,Chennai,Tiger Global,Angel,29000,2021-01-24,2021,1,4.4623979978989565,Early
DriveEdge_29,Retail,Fashion,Gurugram,"LCatterton, Prosus Ventures, Ribbit Capital",Pre-Series A,111000,2020-05-23,2020,2,5.045322978786658,Early
NeoTech,Logistics,Fleet Management,Hyderabad,"A91 Partners, Kedaara Capital",Series B,26948000,2021-10-30,2021,4,7.430526538680641,Growth
CloudLabs,FoodTech,Grocery,Delhi,"A91 Partners, Sequoia Capital India",Series A,1587000,2021-09-08,2021,3,6.200576926754848,Growth
SmartTech,Retail,Fashion,Ahmedabad,"Info Edge, Lightspeed India",Series B,5988000,2022-08-10,2022,3,6.777281791671014,Growth
FarmBox,Retail,Fashion,Delhi,"Prosus Ventures, Ribbit Capital",Series B,69429000,2021-08-04,2021,3,7.841540910069898,Growth
Bounce,Enterprise,Analytics,Hyderabad,Sequoia Capital India,Seed,1762000,2021-02-11,2021,1,6.246005904076029,Early
HomeMart,AgriTech,Supply Chain,Kolkata,"Kedaara Capital, Lightspeed India",Pre-Series A,643000,2023-07-13,2023,3,5.808210972924222,Early
NimbusLabs,HealthTech,Telemedicine,Mumbai,Bessemer Venture Partners,Series C,45633000,2021-03-24,2021,1,7.659279021054444,Late
SmartMart_37,EdTech,Test Prep,Kolkata,"A91 Partners, Falcon Edge, SoftBank Vision Fund",Seed,72000,2022-08-09,2022,3,4.857332496431268,Early
Ola,AgriTech,Marketplace,Noida,"Blume Ventures, Info Edge",Pre-Series A,483000,2025-01-31,2025,1,5.683947130751513,Early
FarmBox,Retail,E-Retail,Hyderabad,"Elevation Capital, Ribbit Capital",Series C,65870000,2022-12-03,2022,4,7.818687663441514,Late
Dunzo,Media,Content,Gurugram,"Accel, Nexus Venture Partners",Seed,78000,2021-10-16,2021,4,4.892094602690481,Early
AeroHub,Media,Social,Mumbai,"Mirae Asset, Tiger Global",Pre-Series A,313000,2021-11-08,2021,4,5.495544337546448,Early
QuantumDrive,Retail,Fashion,Bengaluru,"Sequoia Capital India, Y Combinator",Series D,54120000,2024-04-16,2024,2,7.733357787925585,Late
AgriFit,FoodTech,Food Delivery,Noida,"LCatterton, Mirae Asset",Series B,62216000,2023-01-23,2023,1,7.793902085947068,Growth
SkillFlow,FinTech,InsurTech,Pune,"Kedaara Capital, Zodius Capital",Series B,10246000,2024-06-22,2024,2,7.010554351540322,Growth
FreshSolutions,Mobility,Ride Sharing,Chennai,Accel,Series A,6014000,2023-09-19,2023,3,6.779163423764499,Growth
DriveLoop,Consumer Electronics,Audio,Bengaluru,Info Edge,Seed,158000,2021-11-01,2021,4,5.198657086954422,Early
BlueSpace,FoodTech,Food Delivery,Chennai,"A91 Partners, Sequoia Capital India",Seed,341000,2020-06-16,2020,2,5.532754378992498,Early
NextFlow,E-commerce,Quick Commerce,Bengaluru,Ribbit Capital,Bridge,376000,2021-02-12,2021,1,5.575187844927661,Other
MediWorks,RealEstate,PropTech,Ahmedabad,"Matrix Partners India, Omidyar Network, Y Combinator",Bridge,99000,2022-08-10,2022,3,4.99563519459755,Other
Porter,Retail,E-Retail,Hyderabad,A91 Partners,Seed,1788000,2020-02-22,2020,1,6.252367514459899,Early
UrbanSolutions,Media,Social,Mumbai,"Elevation Capital, Kedaara Capital, Matrix Partners India",Series A,8159000,2024-08-28,2024,3,6.911636933129442,Growth
Housejoy,Retail,Fashion,Bengaluru,"Falcon Edge, SoftBank Vision Fund, Y Combinator",Seed,1600000,2022-05-27,2022,2,6.204119982655925,Early
QuantumDrive,E-commerce,Fashion,Pune,"Info Edge, Kedaara Capital",Series B,59765000,2024-08-24,2024,3,7.7764469238403615,Growth
SkillFlow,Mobility,EV,Kolkata,"IFC, Matrix Partners India",Series A,5049000,2024-02-06,2024,1,6.703205370695486,Growth
Unacademy,Logistics,Supply Chain,Gurugram,"Prosus Ventures, SoftBank Vision Fund",Series C,242794000,2023-03-13,2023,1,8.385237950117023,Late
NimbusLabs,HealthTech,Health Analytics,Gurugram,Elevation Capital,Pre-Series A,123000,2021-06-13,2021,2,5.089905111439398,Early
SkillSolutions,Mobility,Ride Sharing,Mumbai,"A91 Partners, Matrix Partners India",Seed,103000,2022-04-12,2022,2,5.012837224705172,Early
FarmBox,Consumer Electronics,Wearables,Bengaluru,"Elevation Capital, Prosus Ventures",Seed,59000,2021-03-29,2021,1,4.770852011642144,Early
Nykaa,Consumer Electronics,Smart Home,Noida,"Kedaara Capital, SoftBank Vision Fund",Seed,166000,2024-03-07,2024,1,5.220108088040055,Early
SkillFlow,EdTech,Test Prep,Gurugram,"Peak XV, Prosus Ventures",Seed,210000,2024-03-01,2024,1,5.3222192947339195,Early
CloudLabs,Consumer Electronics,Wearables,Ahmedabad,"Accel, Elevation Capital",Bridge,136000,2022-12-10,2022,4,5.133538908370218,Other
CloudLabs,SaaS,DevTools,Hyderabad,Elevation Capital,Pre-Seed,135000,2022-12-29,2022,4,5.1303337684950066,Early
Udaan,Mobility,EV,Delhi,"Accel, Sequoia Capital India",Series B,13444000,2024-03-21,2024,1,7.1285285037974395,Growth
HealthAnalytics,Consumer Electronics,Wearables,Delhi,"Accel, Tiger Global",Bridge,141000,2021-06-01,2021,2,5.14921911265538,Other
NeoLabs_65,RealEstate,Rental Tech,Bengaluru,"Accel, Peak XV",Seed,370000,2024-07-19,2024,3,5.568201724066995,Early
LogiMart,Retail,Grocery,Ahmedabad,Bessemer Venture Partners,Series A,1465000,2023-06-20,2023,2,6.165837624690128,Growth
QuantumAnalytics,Consumer Electronics,Wearables,Ahmedabad,"Omidyar Network, Ribbit Capital",Debt,14625000,2021-09-17,2021,3,7.165095874754218,Other
Practo,Retail,E-Retail,Gurugram,Matrix Partners India,Seed,66000,2020-06-15,2020,2,4.819543935541868,Early
Dunzo,HealthTech,Telemedicine,Chennai,"Elevation Capital, Matrix Partners India",Series A,14477000,2023-05-01,2023,2,7.160678574400385,Growth
HealthAnalytics,Consumer Electronics,Audio,Gurugram,"Bessemer Venture Partners, Lightspeed India, Omidyar Network",Angel,51000,2024-06-01,2024,2,4.707570176097937,Early
Porter,Mobility,Ride Sharing,Delhi,Tiger Global,Angel,9000,2024-08-19,2024,3,3.9542425094393248,Early
Dream11,Retail,Grocery,Ahmedabad,Info Edge,Series B,5077000,2023-03-11,2023,1,6.705607163404605,Growth
InMobi,Media,Content,Chennai,"Accel, Mirae Asset",Bridge,1012000,2022-10-21,2022,4,6.00518051250378,Other
Razorpay,FoodTech,Grocery,Pune,Lightspeed India,Series A,6782000,2020-02-22,2020,1,6.8313577854420675,Growth
DataAnalytics,RealEstate,Home Services,Ahmedabad,Mirae Asset,Pre-Seed,107000,2024-03-28,2024,1,5.02938377768521,Early
Ola,Logistics,Last Mile,Ahmedabad,"Mirae Asset, Tiger Global",Series A,8074000,2024-07-25,2024,3,6.9070887450742955,Growth
Freshworks,SaaS,HRTech,Mumbai,"Elevation Capital, Kedaara Capital",Series D,59295000,2021-11-06,2021,4,7.773018073398652,Late
FoodFit,Mobility,Ride Sharing,Kolkata,Nexus Venture Partners,Seed,188000,2021-05-31,2021,2,5.27415784926368,Early
CoreConnect,Enterprise,Analytics,Noida,Falcon Edge,Series A,1369000,2020-04-21,2020,2,6.13640344813399,Growth
Chargebee,RealEstate,Home Services,Bengaluru,Peak XV,Seed,1207000,2023-01-29,2023,1,6.08170727009735,Early
Dailyhunt,Media,Content,Mumbai,"Bessemer Venture Partners, Kedaara Capital",Pre-Seed,84000,2023-07-14,2023,3,4.924279286061882,Early
FreshTech,Mobility,EV,Mumbai,Info Edge,Seed,169000,2024-09-19,2024,3,5.227886704613674,Early
Housejoy,RealEstate,PropTech,Kolkata,"Kalaari Capital, Kedaara Capital",Angel,6000,2021-08-20,2021,3,3.7781512503836434,Early
AgriHive,EdTech,Coding Bootcamp,Noida,"Falcon Edge, IFC",Seed,157000,2021-01-25,2021,1,5.195899652409234,Early
CRED,Logistics,Supply Chain,Pune,Zodius Capital,Angel,13000,2022-11-05,2022,4,4.113943352306837,Early
HealthAnalytics,Enterprise,Automation,Ahmedabad,Info Edge,Debt,9315000,2022-09-29,2022,3,6.969182859232261,Other
AgriHive,Mobility,Micro Mobility,Chennai,Tiger Global,Series A,5621000,2021-10-21,2021,4,6.749813585292938,Growth
MediWorks,EdTech,Coding Bootcamp,Bengaluru,"LCatterton, Tiger Global, Y Combinator",Seed,1319000,2022-08-26,2022,3,6.120244795546365,Early
WorkPay,FinTech,Lending,Noida,IFC,Bridge,285000,2021-11-10,2021,4,5.45484486000851,Other
Dailyhunt,E-commerce,Grocery,Kolkata,"IFC, Tiger Global",Pre-Seed,26000,2020-10-22,2020,4,4.414973347970818,Early
Dunzo,Consumer Electronics,Wearables,Pune,"Accel, Prosus Ventures, SoftBank Vision Fund",Series A,6900000,2022-03-25,2022,1,6.838849090737256,Growth
QuantumAnalytics,RealEstate,Rental Tech,Kolkata,"Ribbit Capital, Tiger Global",Growth,372329000,2020-03-14,2020,1,8.570926863909717,Late
SmartTech,Media,Social,Chennai,"Accel, Blume Ventures, Kedaara Capital",Bridge,396000,2024-04-06,2024,2,5.597695185925512,Other
Delhivery,FinTech,Payments,Pune,Y Combinator,Series C,161346000,2021-08-23,2021,3,8.207758203086927,Late
GreenConnect,FoodTech,Grocery,Delhi,"IFC, Ribbit Capital",Seed,309000,2020-06-10,2020,2,5.489958479424835,Early
MediWorks,AgriTech,Supply Chain,Gurugram,"Matrix Partners India, Sequoia Capital India",Series A,4119000,2021-06-04,2021,2,6.614791791956417,Growth
InMobi,Logistics,Fleet Management,Noida,Tiger Global,Seed,242000,2022-06-23,2022,2,5.383815365980431,Early
Delhivery,RealEstate,Home Services,Hyderabad,Tiger Global,Series A,1071000,2021-09-10,2021,3,6.029789470831855,Growth
AgriHive,FoodTech,Grocery,Pune,Sequoia Capital India,Series A,1339000,2023-12-03,2023,4,6.126780577012009,Growth
AutoMart,AgriTech,Marketplace,Bengaluru,"LCatterton, Zodius Capital",Angel,5000,2024-03-06,2024,1,3.6989700043360187,Early
HomeFoods,SaaS,DevTools,Gurugram,"Nexus Venture Partners, Prosus Ventures, Ventures India",Series A,5604000,2023-10-20,2023,4,6.748498126613737,Growth
Wakefit,RealEstate,Rental Tech,Bengaluru,Omidyar Network,Seed,159000,2022-06-21,2022,2,5.201397124320452,Early
LogiSense,Logistics,Supply Chain,Chennai,"IFC, Y Combinator",Seed,326000,2020-09-27,2020,3,5.513217600067939,Early
AeroAnalytics,Enterprise,Analytics,Hyderabad,"Elevation Capital, Tiger Global",Angel,76000,2025-04-17,2025,2,4.880813592280791,Early
BlueSpace,Consumer Electronics,Audio,Delhi,"Kedaara Capital, Tiger Global",Series C,39284000,2021-04-07,2021,2,7.594215702370579,Late
Mobikwik,E-commerce,Fashion,Bengaluru,"Ventures India, Y Combinator",Seed,227000,2020-09-10,2020,3,5.3560258571931225,Early
CureFit,AgriTech,Smart Farming,Pune,"IFC, Sequoia Capital India",Seed,812000,2021-04-23,2021,2,5.909556029241175,Early
NeoSense,EdTech,Test Prep,Kolkata,"Kalaari Capital, Nexus Venture Partners, Peak XV",Angel,10000,2021-09-10,2021,3,4.0,Early
Oyo,Consumer Electronics,Audio,Mumbai,Kalaari Capital,Seed,66000,2023-01-05,2023,1,4.819543935541868,Early
Nykaa,RealEstate,Rental Tech,Noida,"Accel, Blume Ventures, Kalaari Capital",Pre-Series A,195000,2024-02-29,2024,1,5.290034611362518,Early
NeoLabs,Logistics,Last Mile,Pune,IFC,Seed,91000,2022-06-29,2022,2,4.959041392321094,Early
Practo,RealEstate,Home Services,Noida,Tiger Global,Angel,81000,2023-08-13,2023,3,4.9084850188786495,Early
SkillSolutions,E-commerce,Fashion,Mumbai,"Bessemer Venture Partners, Omidyar Network, Sequoia Capital India",Series B,46994000,2023-08-07,2023,3,7.672042412547821,Growth
HomeMart,Retail,Fashion,Gurugram,Lightspeed India,Seed,517000,2024-04-16,2024,2,5.713490543093942,Early
PharmEasy,SaaS,DevTools,Ahmedabad,Tiger Global,Pre-Seed,149000,2024-10-24,2024,4,5.173186268412274,Early
AutoStack,E-commerce,Quick Commerce,Delhi,Omidyar Network,Pre-Seed,127000,2024-06-05,2024,2,5.103803720955957,Early
PhonePe,HealthTech,Pharmacy,Bengaluru,"Accel, Tiger Global",Seed,100000,2022-05-12,2022,2,5.0,Early
EduMart,Mobility,Micro Mobility,Mumbai,"Bessemer Venture Partners, Tiger Global",Series A,11213000,2021-03-29,2021,1,7.049721822152435,Growth
Oyo,Consumer Electronics,Smart Home,Bengaluru,"Accel, Info Edge",Seed,366000,2022-09-07,2022,3,5.563481085394411,Early
Ola,E-commerce,Quick Commerce,Pune,Elevation Capital,Series A,8905000,2020-05-14,2020,2,6.949633923799262,Growth
NeoSense,AgriTech,Marketplace,Hyderabad,"Accel, Kedaara Capital",Series A,11321000,2023-05-24,2023,2,7.053884790394692,Growth
GreenEdge,EdTech,Coding Bootcamp,Pune,"Kedaara Capital, SoftBank Vision Fund",Series C,47319000,2022-03-27,2022,1,7.67503555803808,Late
HyperLabs,SaaS,DevTools,Kolkata,Accel,Seed,75000,2024-08-30,2024,3,4.8750612633917,Early
Wakefit,Media,Streaming,Pune,Omidyar Network,Series C,37077000,2023-02-13,2023,1,7.569104586956974,Late
FreshBox,FoodTech,Food Delivery,Chennai,Tiger Global,Growth,154344000,2024-01-16,2024,1,8.188489751294373,Late
FreshTech,AgriTech,Marketplace,Gurugram,IFC,Seed,1022000,2022-09-14,2022,3,6.009450895798694,Early
NextFlow,SaaS,B2B SaaS,Hyderabad,"Tiger Global, Zodius Capital",Series A,10287000,2024-07-11,2024,3,7.012288739834607,Growth
GrowthFlow,RealEstate,Rental Tech,Hyderabad,"LCatterton, Ventures India, Y Combinator",Pre-Seed,20000,2021-07-13,2021,3,4.301029995663981,Early
BlueTech,AgriTech,Marketplace,Chennai,"Accel, Falcon Edge, Tiger Global",Seed,329000,2024-02-26,2024,1,5.517195897949974,Early
UrbanSolutions,SaaS,DevTools,Pune,"IFC, Omidyar Network",Seed,233000,2021-10-26,2021,4,5.367355921026019,Early
HyperLoop,AgriTech,Supply Chain,Mumbai,"Info Edge, Mirae Asset",Seed,113000,2023-09-17,2023,3,5.05307844348342,Early
SkillFlow,Mobility,Ride Sharing,Pune,"Mirae Asset, Prosus Ventures",Pre-Series A,132000,2021-08-03,2021,3,5.12057393120585,Early
FarmFit,AgriTech,Supply Chain,Bengaluru,Ventures India,Seed,174000,2025-04-20,2025,2,5.2405492482825995,Early
CloudSolutions,E-commerce,Quick Commerce,Kolkata,Y Combinator,Series B,68288000,2020-12-25,2020,4,7.834344393408357,Growth
HomeFoods,Enterprise,Automation,Pune,"LCatterton, Sequoia Capital India, Tiger Global",Seed,165000,2024-10-30,2024,4,5.217483944213907,Early
HyperLabs,AgriTech,Smart Farming,Chennai,Tiger Global,Seed,339000,2022-04-09,2022,2,5.5301996982030825,Early
Lenskart,Retail,Fashion,Kolkata,Accel,Series D,252342000,2025-02-26,2025,1,8.401989540847282,Late
AeroStack,AgriTech,Smart Farming,Noida,Ventures India,Seed,191000,2024-11-17,2024,4,5.281033367247727,Early
HomeAnalytics,HealthTech,Telemedicine,Noida,"Bessemer Venture Partners, Lightspeed India",Series B,73980000,2022-12-22,2022,4,7.869114326979375,Growth
NextFlow,Enterprise,Automation,Delhi,Lightspeed India,Seed,1741000,2020-10-26,2020,4,6.240798771117332,Early
HyperLoop,RealEstate,PropTech,Delhi,"A91 Partners, Mirae Asset",Bridge,127000,2023-07-10,2023,3,5.103803720955957,Other
EduMart,AgriTech,Marketplace,Ahmedabad,"Info Edge, Mirae Asset, SoftBank Vision Fund",Seed,313000,2025-06-11,2025,2,5.495544337546448,Early
Oyo,Retail,Grocery,Ahmedabad,SoftBank Vision Fund,Seed,152000,2022-11-05,2022,4,5.181843587944773,Early
EduBox_144,SaaS,HRTech,Mumbai,Omidyar Network,Series B,11014000,2025-06-24,2025,2,7.041945072145264,Growth
ClearDekho,FoodTech,Food Delivery,Ahmedabad,"Info Edge, LCatterton, Zodius Capital",Series A,1105000,2024-06-09,2024,2,6.04336227802113,Growth
FinFoods,Consumer Electronics,Smart Home,Delhi,Zodius Capital,Bridge,474000,2022-07-11,2022,3,5.675778341674085,Other
DataHive,E-commerce,Grocery,Delhi,"Falcon Edge, Tiger Global",Pre-Seed,64000,2023-12-20,2023,4,4.8061799739838875,Early
NextSense,Logistics,Supply Chain,Chennai,"Ribbit Capital, Tiger Global",Series C,22992000,2023-10-22,2023,4,7.36157675079015,Late
WorkStack_149,E-commerce,Grocery,Chennai,"Nexus Venture Partners, Omidyar Network, Tiger Global",Seed,140000,2024-01-22,2024,1,5.146128035678238,Early
HealthRise,HealthTech,Pharmacy,Hyderabad,"Kalaari Capital, Omidyar Network, Peak XV",Bridge,1426000,2023-12-01,2023,4,6.1541195255158465,Other
FreshTech,RealEstate,Home Services,Delhi,"Accel, LCatterton, Tiger Global",Series B,9715000,2024-08-24,2024,3,6.987442804935801,Growth
Innovaccer,Mobility,EV,Bengaluru,SoftBank Vision Fund,Pre-Series A,140000,2021-01-04,2021,1,5.146128035678238,Early
Myntra,EdTech,K12,Delhi,Falcon Edge,Seed,304000,2021-08-28,2021,3,5.482873583608754,Early
GrowthConnect,Retail,Fashion,Delhi,Blume Ventures,Series A,14428000,2020-11-11,2020,4,7.159206133646325,Growth
Dream11,Media,Content,Bengaluru,"Elevation Capital, Info Edge, Matrix Partners India",Pre-Series A,175000,2023-10-17,2023,4,5.243038048686294,Early
EduMart,EdTech,UpSkilling,Kolkata,Prosus Ventures,Angel,37000,2021-02-01,2021,1,4.568201724066995,Early
Dailyhunt,Consumer Electronics,Wearables,Chennai,Zodius Capital,Series A,7866000,2022-05-07,2022,2,6.8957539420737275,Growth
FinSense,FinTech,InsurTech,Pune,"Elevation Capital, IFC, Zodius Capital",Series A,1903000,2020-07-29,2020,3,6.27943878828702,Growth
BharatPe,Logistics,Supply Chain,Noida,Peak XV,Seed,734000,2022-06-14,2022,2,5.86569605991607,Early
HomeAnalytics,SaaS,B2B SaaS,Chennai,Matrix Partners India,Seed,194000,2022-10-25,2022,4,5.2878017299302265,Early
HealthRise,FinTech,WealthTech,Mumbai,Bessemer Venture Partners,Series D,214425000,2023-08-24,2023,3,8.331275418749689,Late
FinSense_162,Enterprise,Security,Delhi,"LCatterton, Omidyar Network",Series C,111204000,2022-08-18,2022,3,8.046120409068738,Late
PhonePe,Logistics,Last Mile,Delhi,"Accel, Falcon Edge",Series A,4267000,2024-01-29,2024,1,6.630122642859312,Growth
SmartTech,E-commerce,Quick Commerce,Gurugram,"Accel, Info Edge",Pre-Series A,123000,2024-06-13,2024,2,5.089905111439398,Early
Chargebee,AgriTech,Marketplace,Bengaluru,Kedaara Capital,Series B,50673000,2023-03-23,2023,1,7.704776616642705,Growth
Cars24,FoodTech,Cloud Kitchen,Ahmedabad,"Blume Ventures, Prosus Ventures",Pre-Series A,209000,2023-03-14,2023,1,5.320146286111054,Early
ShareChat,E-commerce,Grocery,Noida,"IFC, Sequoia Capital India",Series A,1657000,2022-11-05,2022,4,6.219322508419337,Growth
FarmFit,SaaS,HRTech,Bengaluru,Matrix Partners India,Pre-Series A,110000,2020-05-18,2020,2,5.041392685158225,Early
Zomato,Retail,Fashion,Pune,"Ribbit Capital, SoftBank Vision Fund",Seed,442000,2021-12-22,2021,4,5.645422269349092,Early
SmartMart,Consumer Electronics,Smart Home,Delhi,"Bessemer Venture Partners, Elevation Capital, Info Edge",Series C,125287000,2020-05-09,2020,2,8.097906010170805,Late
FarmFit,FinTech,WealthTech,Hyderabad,"Mirae Asset, Sequoia Capital India",Series A,1046000,2024-07-27,2024,3,6.019531684531255,Growth
FinFoods,Enterprise,Analytics,Pune,Info Edge,Seed,331000,2024-06-25,2024,2,5.519827993775719,Early
FoodFit,FoodTech,Food Delivery,Delhi,Peak XV,Series A,1847000,2022-10-15,2022,4,6.266466895440241,Growth
NextStack,Media,Content,Mumbai,A91 Partners,Series A,5738000,2024-08-11,2024,3,6.75876054390998,Growth
AgriSense,SaaS,HRTech,Hyderabad,"Blume Ventures, Info Edge",Series A,1604000,2024-01-09,2024,1,6.205204363948145,Growth
EduMart_176,Enterprise,Security,Ahmedabad,"Peak XV, Tiger Global, Tiger Global",Debt,7325000,2021-07-16,2021,3,6.8648076290261475,Other
CoreConnect,Retail,Fashion,Delhi,"Info Edge, Prosus Ventures",Bridge,208000,2020-10-19,2020,4,5.318063334962762,Other
FreshSolutions_178,Retail,Fashion,Pune,"Nexus Venture Partners, Sequoia Capital India",Pre-Series A,864000,2025-04-28,2025,2,5.936513742478893,Early
EduBox,SaaS,MarTech,Mumbai,Kalaari Capital,Series A,1451000,2022-12-20,2022,4,6.161667412437736,Growth
QuantumSolutions,E-commerce,Quick Commerce,Delhi,"Bessemer Venture Partners, Nexus Venture Partners",Series A,2518000,2022-03-03,2022,1,6.401055725771844,Growth
EduMart,AgriTech,Smart Farming,Kolkata,Info Edge,Seed,76000,2020-10-04,2020,4,4.880813592280791,Early
Ola,E-commerce,D2C,Pune,Elevation Capital,Series B,64925000,2023-01-31,2023,1,7.8124119583013405,Growth
NextSense,Media,Streaming,Delhi,Nexus Venture Partners,Series C,215209000,2022-11-07,2022,4,8.332860429487877,Late
CloudPay,EdTech,Coding Bootcamp,Bengaluru,Mirae Asset,Pre-Series A,181000,2023-03-18,2023,1,5.2576785748691846,Early
LogiSense,E-commerce,Quick Commerce,Hyderabad,"Kalaari Capital, Mirae Asset",Pre-Series A,457000,2024-01-08,2024,1,5.65991620006985,Early
Groww,HealthTech,Pharmacy,Mumbai,"IFC, SoftBank Vision Fund",Series A,9144000,2023-10-24,2023,4,6.961136217387225,Growth
BlueTech,HealthTech,Health Analytics,Noida,Falcon Edge,Angel,26000,2020-04-23,2020,2,4.414973347970818,Early
Oyo,HealthTech,Diagnostics,Pune,Peak XV,Angel,24000,2021-04-06,2021,2,4.380211241711606,Early
HealthAnalytics,Logistics,Last Mile,Noida,Omidyar Network,Seed,122000,2023-07-04,2023,3,5.086359830674748,Early
Bounce,Mobility,Micro Mobility,Delhi,Blume Ventures,Series A,1287000,2023-04-04,2023,2,6.109578546904387,Growth
BlueSpace,AgriTech,Supply Chain,Bengaluru,"Bessemer Venture Partners, Lightspeed India, Matrix Partners India",Seed,1369000,2025-04-26,2025,2,6.13640344813399,Early
SkillRise,FinTech,InsurTech,Noida,Mirae Asset,Seed,1385000,2025-05-13,2025,2,6.141449773400467,Early
CoreConnect,E-commerce,Quick Commerce,Delhi,"Lightspeed India, Omidyar Network",Series A,5554000,2022-09-18,2022,3,6.744605875414239,Growth
HyperLabs,SaaS,HRTech,Chennai,"A91 Partners, SoftBank Vision Fund",Seed,175000,2022-01-28,2022,1,5.243038048686294,Early
InMobi,E-commerce,D2C,Kolkata,Elevation Capital,Seed,181000,2020-07-17,2020,3,5.2576785748691846,Early
AeroHub,FoodTech,Cloud Kitchen,Delhi,"Blume Ventures, Kedaara Capital",Series C,142830000,2025-03-27,2025,1,8.154819436194174,Late
NextSense,Mobility,EV,Kolkata,Accel,Growth,533548000,2022-10-15,2022,4,8.727173496295455,Late
DriveFit,EdTech,K12,Ahmedabad,Mirae Asset,Pre-Series A,771000,2020-04-13,2020,2,5.887054378050957,Early
CoreSpace,FinTech,Payments,Chennai,"Kalaari Capital, Tiger Global, Y Combinator",Seed,888000,2021-06-25,2021,2,5.948412965778601,Early
Udaan,AgriTech,Marketplace,Gurugram,Kalaari Capital,Pre-Series A,439000,2021-08-14,2021,3,5.642464520242122,Early
EduBox,Logistics,Fleet Management,Ahmedabad,Kalaari Capital,Seed,68000,2025-06-19,2025,2,4.832508912706237,Early
BlueSpace,SaaS,DevTools,Gurugram,Tiger Global,Series A,1549000,2022-04-02,2022,2,6.190051417759206,Growth
WorkStack,Mobility,EV,Delhi,SoftBank Vision Fund,Series A,11397000,2022-11-21,2022,4,7.056790548274383,Growth
FoodLoop,AgriTech,Marketplace,Hyderabad,"Falcon Edge, Kedaara Capital",Series A,5167000,2022-11-04,2022,4,6.713238461545662,Growth
Delhivery,Consumer Electronics,Audio,Pune,"Bessemer Venture Partners, Omidyar Network",Seed,52000,2020-08-12,2020,3,4.7160033436347994,Early
GrowthFlow,Logistics,Fleet Management,Ahmedabad,Omidyar Network,Series A,1316000,2024-01-17,2024,1,6.1192558892779365,Growth
Lenskart,Mobility,Micro Mobility,Ahmedabad,Zodius Capital,Series C,120606000,2022-02-17,2022,1,8.081368913957313,Late
HomeMart_208,Media,Social,Gurugram,"Nexus Venture Partners, Prosus Ventures",Pre-Seed,20000,2021-10-04,2021,4,4.301029995663981,Early
Flipkart,Mobility,Micro Mobility,Kolkata,"Lightspeed India, Nexus Venture Partners, Tiger Global",Growth,76432000,2024-02-15,2024,1,7.883275223939279,Late
NeoSense,Consumer Electronics,Smart Home,Chennai,"LCatterton, SoftBank Vision Fund",Seed,379000,2020-12-20,2020,4,5.578639209968072,Early
AgriFit,Enterprise,Automation,Hyderabad,Elevation Capital,Series A,6512000,2021-01-28,2021,1,6.8137143918811445,Growth
Delhivery,EdTech,UpSkilling,Hyderabad,"A91 Partners, Mirae Asset",Series B,30480000,2023-11-14,2023,4,7.484014962667563,Growth
SkillSolutions,AgriTech,Marketplace,Noida,"Peak XV, Zodius Capital",Pre-Series A,168000,2025-06-30,2025,2,5.225309281725863,Early
GreenConnect,Logistics,Fleet Management,Mumbai,"Lightspeed India, Matrix Partners India, Mirae Asset",Seed,692000,2022-06-24,2022,2,5.8401060944567575,Early
SkillFlow,Media,Content,Delhi,"Matrix Partners India, Tiger Global",Seed,120000,2024-02-26,2024,1,5.079181246047625,Early
Zepto,RealEstate,PropTech,Bengaluru,"Mirae Asset, Nexus Venture Partners, Prosus Ventures",Seed,166000,2021-11-07,2021,4,5.220108088040055,Early
NextSense,Consumer Electronics,Wearables,Gurugram,Elevation Capital,Series C,150998000,2021-08-11,2021,3,8.17897119501028,Late
HealthWorks,E-commerce,Grocery,Gurugram,LCatterton,Series A,5808000,2024-01-20,2024,1,6.7640266076920375,Growth
NoBroker,FoodTech,Cloud Kitchen,Bengaluru,"Blume Ventures, Ventures India",Debt,19590000,2022-03-24,2022,1,7.292034435994736,Other
Cars24,FinTech,Payments,Hyderabad,Elevation Capital,Series A,5935000,2020-08-07,2020,3,6.77342072329061,Growth
NimbusLabs,HealthTech,Health Analytics,Hyderabad,Blume Ventures,Seed,407000,2020-08-18,2020,3,5.60959440922522,Early
LogiRise,Media,Social,Bengaluru,A91 Partners,Series B,6483000,2024-06-07,2024,2,6.8117760216029035,Growth
CloudLabs,Enterprise,Automation,Chennai,Accel,Series C,54137000,2022-11-21,2022,4,7.733494185687449,Late
Wakefit,HealthTech,Diagnostics,Kolkata,Matrix Partners India,Seed,133000,2021-05-23,2021,2,5.123851640967086,Early
FinSpace,Logistics,Supply Chain,Hyderabad,Matrix Partners India,Series A,1936000,2023-03-19,2023,1,6.286905352972375,Growth
ShareChat,Media,Social,Bengaluru,Blume Ventures,Series B,74232000,2022-08-11,2022,3,7.870591161714785,Growth
AeroAnalytics,Media,Content,Mumbai,Y Combinator,Series B,14870000,2025-04-10,2025,2,7.172310968521955,Growth
HomeAnalytics,HealthTech,Health Analytics,Delhi,Kalaari Capital,Series A,11198000,2023-05-25,2023,2,7.049140463158965,Growth
CoreSpace,Retail,Fashion,Gurugram,"Accel, IFC",Series C,110486000,2023-10-25,2023,4,8.043307250799904,Late
EduMart,SaaS,B2B SaaS,Ahmedabad,"LCatterton, Lightspeed India",Seed,938000,2024-08-24,2024,3,5.972202838379064,Early
WorkPay,Enterprise,Automation,Kolkata,"Accel, Falcon Edge, Omidyar Network",Seed,319000,2021-02-24,2021,1,5.503790683057181,Early
NimbusMart,Mobility,EV,Kolkata,"Prosus Ventures, SoftBank Vision Fund",Series A,4770000,2023-02-18,2023,1,6.678518379040114,Growth
DataAnalytics,Enterprise,Analytics,Gurugram,"SoftBank Vision Fund, Tiger Global",Series A,3795000,2020-04-02,2020,2,6.579211780231499,Growth
HealthWorks,E-commerce,Fashion,Bengaluru,Ventures India,Seed,103000,2021-01-03,2021,1,5.012837224705172,Early
QuantumDrive,FoodTech,Food Delivery,Chennai,"IFC, Nexus Venture Partners",Pre-Series A,528000,2023-10-30,2023,4,5.722633922533812,Early
Housejoy,HealthTech,Health Analytics,Noida,Zodius Capital,Seed,141000,2025-06-27,2025,2,5.14921911265538,Early
DataAnalytics,Consumer Electronics,Smart Home,Noida,Matrix Partners India,Pre-Series A,106000,2022-02-15,2022,1,5.02530586526477,Early
FoodSolutions,EdTech,Test Prep,Bengaluru,"IFC, Ventures India",Series C,114859000,2022-05-08,2022,2,8.060165030851882,Late
PhonePe,EdTech,K12,Mumbai,"Kedaara Capital, Omidyar Network",Seed,96000,2020-03-09,2020,1,4.982271233039568,Early
Postman,EdTech,Test Prep,Chennai,Ventures India,Series A,12766000,2023-01-10,2023,1,7.106054840093787,Growth
NimbusMart,Logistics,Last Mile,Ahmedabad,"IFC, Matrix Partners India, Zodius Capital",Seed,1687000,2023-05-09,2023,2,6.227115082589125,Early
HomeAnalytics,Logistics,Last Mile,Noida,"Info Edge, LCatterton, Ribbit Capital",Bridge,1461000,2024-12-06,2024,4,6.164650215934297,Other
NimbusLabs_243,SaaS,MarTech,Noida,"Nexus Venture Partners, Y Combinator",Seed,196000,2022-05-02,2022,2,5.292256071356476,Early
FarmBox,EdTech,UpSkilling,Delhi,A91 Partners,Series C,20855000,2025-02-16,2025,1,7.31921019418185,Late
SkillRise,HealthTech,Health Analytics,Gurugram,"Accel, Info Edge, Y Combinator",Seed,1535000,2021-11-07,2021,4,6.186108379813206,Early
FinFoods_246,FoodTech,Grocery,Ahmedabad,Blume Ventures,Series A,3188000,2024-11-24,2024,4,6.503518312724075,Growth
GreenEdge,Enterprise,Security,Hyderabad,Peak XV,Bridge,1769000,2020-02-01,2020,1,6.247727832909723,Other
Housejoy,Media,Content,Gurugram,Kalaari Capital,Series B,72324000,2023-12-12,2023,4,7.859282437515536,Growth
MediWorks,Retail,Grocery,Chennai,SoftBank Vision Fund,Series A,10074000,2023-08-21,2023,3,7.003201946521693,Growth
ShareChat,Mobility,EV,Kolkata,"SoftBank Vision Fund, Ventures India",Seed,148000,2024-01-19,2024,1,5.1702617153949575,Early
CoreFlow,FoodTech,Cloud Kitchen,Ahmedabad,Sequoia Capital India,Growth,138147000,2024-02-27,2024,1,8.140341458216755,Late
SkillRise,EdTech,UpSkilling,Gurugram,Mirae Asset,Pre-Series A,710000,2024-09-02,2024,3,5.8512583487190755,Early
BlueSpace,Enterprise,Security,Kolkata,Blume Ventures,Series A,2359000,2024-02-09,2024,1,6.3727279408855955,Growth
NeoLabs,Mobility,Micro Mobility,Bengaluru,Peak XV,Series A,1582000,2024-09-14,2024,3,6.199206479161658,Growth
Postman,Retail,E-Retail,Chennai,Tiger Global,Seed,390000,2023-07-15,2023,3,5.5910646070264995,Early
WorkPay_256,Mobility,EV,Pune,"LCatterton, Peak XV, Prosus Ventures",Seed,1580000,2023-07-30,2023,3,6.198657086954422,Early
PhonePe,FinTech,NeoBank,Noida,"Falcon Edge, Kedaara Capital",Pre-Series A,497000,2020-02-04,2020,1,5.696356388733332,Early
SmartTech_258,Enterprise,Automation,Chennai,Accel,Series C,93643000,2025-02-06,2025,1,7.971475318550596,Late
Wakefit,Mobility,Ride Sharing,Gurugram,Zodius Capital,Seed,72000,2022-12-14,2022,4,4.857332496431268,Early
NextStack,E-commerce,D2C,Chennai,"IFC, Lightspeed India, Prosus Ventures",Series A,5288000,2021-05-13,2021,2,6.7232914464775835,Growth
GreenMart,FoodTech,Food Delivery,Noida,Kedaara Capital,Series A,14601000,2023-07-28,2023,3,7.164382600963169,Growth
WorkFit,FoodTech,Grocery,Pune,LCatterton,Series A,1461000,2024-10-23,2024,4,6.164650215934297,Growth
Razorpay,EdTech,K12,Ahmedabad,Prosus Ventures,Series A,4070000,2020-04-05,2020,2,6.60959440922522,Growth
QuantumSolutions,AgriTech,Marketplace,Bengaluru,Sequoia Capital India,Seed,1272000,2024-10-07,2024,4,6.104487111312395,Early
FarmTech,Retail,Fashion,Chennai,A91 Partners,Angel,46000,2021-09-04,2021,3,4.662757831681574,Early
UrbanDrive,Mobility,EV,Chennai,"Falcon Edge, Kedaara Capital, Tiger Global",Series C,132064000,2020-10-13,2020,4,8.120784447197321,Late
Udaan,E-commerce,Fashion,Gurugram,"Peak XV, Ventures India",Series D,252031000,2021-11-28,2021,4,8.401453962610582,Late
AutoMart,SaaS,B2B SaaS,Hyderabad,"A91 Partners, Lightspeed India",Series C,52945000,2022-07-11,2022,3,7.723824952641037,Late
UrbanSolutions,RealEstate,Rental Tech,Chennai,Bessemer Venture Partners,Seed,148000,2023-06-20,2023,2,5.1702617153949575,Early
Groww,E-commerce,D2C,Delhi,"Blume Ventures, Kalaari Capital, Y Combinator",Pre-Series A,645000,2024-05-24,2024,2,5.8095597146352675,Early
Bounce,FinTech,WealthTech,Kolkata,Nexus Venture Partners,Pre-Series A,646000,2021-07-06,2021,3,5.810232517995084,Early
DataEdge,Mobility,Micro Mobility,Noida,Y Combinator,Pre-Series A,736000,2020-02-23,2020,1,5.866877814337498,Early
Bounce,AgriTech,Marketplace,Pune,Kalaari Capital,Growth,556750000,2020-01-26,2020,1,8.745660225706075,Late
WorkFit,Mobility,Ride Sharing,Ahmedabad,"Blume Ventures, Matrix Partners India",Series A,3994000,2023-11-04,2023,4,6.601408060534684,Growth
NextStack,E-commerce,Marketplace,Chennai,"Bessemer Venture Partners, Y Combinator",Seed,318000,2021-09-05,2021,3,5.502427119984433,Early
LogiMart,Consumer Electronics,Smart Home,Ahmedabad,Elevation Capital,Seed,950000,2020-08-07,2020,3,5.977723605288848,Early
AutoMart,AgriTech,Smart Farming,Pune,"Nexus Venture Partners, SoftBank Vision Fund, Tiger Global",Series A,5813000,2022-05-31,2022,2,6.764400322956388,Growth
CloudPay,HealthTech,Health Analytics,Pune,"A91 Partners, Matrix Partners India, Mirae Asset",Seed,666000,2023-11-24,2023,4,5.823474229170301,Early
UrbanSolutions,Retail,Grocery,Pune,Omidyar Network,Seed,942000,2023-02-28,2023,1,5.974050902792877,Early
BlueTech,Mobility,Ride Sharing,Kolkata,"Bessemer Venture Partners, Zodius Capital",Bridge,1333000,2021-03-05,2021,1,6.124830149413859,Other
CRED,Enterprise,Security,Kolkata,Matrix Partners India,Seed,174000,2021-09-12,2021,3,5.2405492482825995,Early
HyperLoop,Retail,Grocery,Mumbai,"Falcon Edge, Omidyar Network",Series A,2765000,2023-05-09,2023,2,6.4416951356407175,Growth
QuantumDrive,Retail,Grocery,Noida,Accel,Series A,1290000,2025-02-15,2025,1,6.110589710299249,Growth
LogiMart,SaaS,DevTools,Ahmedabad,"Ribbit Capital, SoftBank Vision Fund, Tiger Global",Pre-Seed,76000,2023-08-14,2023,3,4.880813592280791,Early
Paytm,E-commerce,Quick Commerce,Mumbai,"A91 Partners, Falcon Edge, Omidyar Network",Seed,57000,2022-11-11,2022,4,4.7558748556724915,Early
EduMart,Consumer Electronics,Smart Home,Ahmedabad,Tiger Global,Series B,18181000,2020-11-04,2020,4,7.259617766814334,Growth
AgriHive,FoodTech,Cloud Kitchen,Mumbai,Y Combinator,Series D,174427000,2024-02-04,2024,1,8.241613711350102,Late
DataHive,EdTech,Coding Bootcamp,Pune,"Elevation Capital, Kedaara Capital, SoftBank Vision Fund",Series A,2173000,2022-06-16,2022,2,6.337059726320525,Growth
Porter,FinTech,WealthTech,Mumbai,"Blume Ventures, Matrix Partners India",Series B,25728000,2020-12-02,2020,4,7.410406027068357,Growth
DriveLoop,EdTech,Coding Bootcamp,Delhi,"Kalaari Capital, Ventures India",Seed,56000,2023-09-08,2023,3,4.748188027006201,Early
BlueRise,FoodTech,Food Delivery,Bengaluru,Ventures India,Series B,5546000,2021-02-25,2021,1,6.743979865241843,Growth
Byju's,AgriTech,Supply Chain,Noida,Info Edge,Seed,1040000,2021-10-29,2021,4,6.017033339298781,Early
CureFit,RealEstate,Home Services,Noida,Kalaari Capital,Bridge,189000,2021-10-03,2021,4,5.276461804173244,Other
Porter,SaaS,HRTech,Kolkata,"Elevation Capital, Kedaara Capital, Omidyar Network",Series A,1411000,2024-07-24,2024,3,6.149527013754348,Growth
WorkFit,SaaS,B2B SaaS,Gurugram,Kedaara Capital,Seed,343000,2021-01-09,2021,1,5.535294120042771,Early
UrbanDrive,HealthTech,Health Analytics,Chennai,"Kedaara Capital, Ribbit Capital",Seed,856000,2023-07-25,2023,3,5.9324737646771535,Early
NoBroker,Mobility,Ride Sharing,Kolkata,Zodius Capital,Seed,111000,2021-01-18,2021,1,5.045322978786658,Early
Udaan,Enterprise,Security,Bengaluru,"Falcon Edge, Tiger Global",Series A,5402000,2021-02-03,2021,1,6.732554579851432,Growth
NimbusLabs,Consumer Electronics,Wearables,Kolkata,"Sequoia Capital India, Ventures India",Series A,1260000,2020-06-18,2020,2,6.1003705451175625,Growth
Cars24,FinTech,WealthTech,Gurugram,"A91 Partners, Bessemer Venture Partners",Series A,1150000,2020-12-10,2020,4,6.060697840353612,Growth
NimbusLabs,E-commerce,Grocery,Mumbai,A91 Partners,Seed,355000,2023-01-17,2023,1,5.550228353055094,Early
Razorpay,Retail,Fashion,Kolkata,Ventures India,Series A,4324000,2022-05-20,2022,2,6.635885685281273,Growth
LogiMart,FinTech,InsurTech,Hyderabad,Info Edge,Seed,525000,2024-07-30,2024,3,5.720159303405957,Early
Housejoy,Retail,E-Retail,Gurugram,"Kedaara Capital, Ribbit Capital, Y Combinator",Series C,142883000,2023-04-19,2023,2,8.154980560173865,Late
Dream11,AgriTech,Supply Chain,Gurugram,A91 Partners,Series C,281010000,2024-07-07,2024,3,8.448721774949721,Late
QuantumSolutions,HealthTech,Pharmacy,Hyderabad,"Prosus Ventures, Tiger Global",Seed,336000,2021-07-01,2021,3,5.526339277389844,Early
Wakefit,HealthTech,Health Analytics,Bengaluru,"IFC, Matrix Partners India, Nexus Venture Partners",Debt,744000,2024-11-10,2024,4,5.871572935545879,Other
AgriSense,Retail,Fashion,Chennai,"Info Edge, Kalaari Capital, Matrix Partners India",Series A,8614000,2023-03-28,2023,1,6.935204867426581,Growth
Bounce,FoodTech,Grocery,Hyderabad,Info Edge,Series B,10595000,2024-12-01,2024,4,7.025100961046814,Growth
Myntra,SaaS,B2B SaaS,Mumbai,"Prosus Ventures, Tiger Global, Y Combinator",Series B,16887000,2022-07-27,2022,3,7.227552503379864,Growth
AutoMart,FoodTech,Cloud Kitchen,Kolkata,SoftBank Vision Fund,Seed,67000,2024-08-23,2024,3,4.826074802700826,Early
LogiSense,Consumer Electronics,Wearables,Bengaluru,"Peak XV, Sequoia Capital India",Pre-Seed,21000,2023-07-06,2023,3,4.3222192947339195,Early
NextSense,FinTech,InsurTech,Gurugram,IFC,Debt,39642000,2025-02-05,2025,1,7.598155557191961,Other
Oyo,HealthTech,Pharmacy,Mumbai,Y Combinator,Series B,50768000,2021-05-27,2021,2,7.705590054756337,Growth
Dream11,FinTech,InsurTech,Hyderabad,Info Edge,Series B,34436000,2024-03-26,2024,1,7.53701269914582,Growth
Bounce,Media,Social,Bengaluru,Omidyar Network,Seed,226000,2020-06-08,2020,2,5.354108439147401,Early
Ola,FinTech,Payments,Pune,"Kedaara Capital, Mirae Asset",Series C,31977000,2024-10-27,2024,4,7.504837716928653,Late
HomeFoods,Media,Social,Mumbai,Nexus Venture Partners,Seed,89000,2024-12-09,2024,4,4.949390006644912,Early
HyperSpace,RealEstate,PropTech,Mumbai,"Info Edge, Ribbit Capital",Series A,1969000,2020-01-18,2020,1,6.294245716138118,Growth
Meesho,RealEstate,Rental Tech,Delhi,"Info Edge, LCatterton, Lightspeed India",Angel,26000,2023-06-15,2023,2,4.414973347970818,Early
FinSense,AgriTech,Marketplace,Chennai,Bessemer Venture Partners,Pre-Series A,518000,2022-05-29,2022,2,5.714329759745233,Early
LogiMart,E-commerce,Marketplace,Noida,"Elevation Capital, Peak XV",Series A,5977000,2024-01-16,2024,1,6.776483255833681,Growth
GrowthFlow,RealEstate,Home Services,Gurugram,Ventures India,Series A,2134000,2022-11-09,2022,4,6.329194415088451,Growth
Urban Company,RealEstate,PropTech,Gurugram,Mirae Asset,Series A,13274000,2020-08-18,2020,3,7.123001813306024,Growth
Groww,Mobility,Ride Sharing,Pune,"A91 Partners, IFC",Angel,46000,2020-09-27,2020,3,4.662757831681574,Early
Mobikwik,Mobility,Micro Mobility,Delhi,Sequoia Capital India,Series C,89743000,2025-05-08,2025,2,7.953000583379232,Late
CRED,FinTech,WealthTech,Gurugram,"Falcon Edge, Ribbit Capital",Pre-Seed,82000,2020-05-03,2020,2,4.913813852383717,Early
AeroAnalytics,FoodTech,Grocery,Chennai,"Elevation Capital, Ribbit Capital",Seed,235000,2023-01-03,2023,1,5.371067862271736,Early
FreshTech_329,EdTech,K12,Noida,"Ribbit Capital, Ventures India",Seed,125000,2023-04-16,2023,2,5.096910013008056,Early
FreshTech,Media,Social,Bengaluru,"Nexus Venture Partners, Omidyar Network",Seed,186000,2025-03-08,2025,1,5.269512944217916,Early
NimbusMart,Media,Streaming,Delhi,Kedaara Capital,Seed,819000,2023-12-20,2023,4,5.913283901760418,Early
BharatPe,Consumer Electronics,Wearables,Noida,"Matrix Partners India, Ventures India, Y Combinator",Series A,1040000,2024-08-11,2024,3,6.017033339298781,Growth
NextStack,E-commerce,Quick Commerce,Pune,"Kedaara Capital, Tiger Global",Series C,27387000,2021-07-11,2021,3,7.437544461797492,Late
Dunzo,Consumer Electronics,Wearables,Noida,Blume Ventures,Pre-Series A,111000,2022-10-20,2022,4,5.045322978786658,Early
Zomato,AgriTech,Marketplace,Mumbai,Tiger Global,Seed,58000,2022-11-08,2022,4,4.763427993562937,Early
UrbanStack,Consumer Electronics,Wearables,Chennai,A91 Partners,Angel,65000,2021-01-01,2021,1,4.812913356642856,Early
QuantumDrive,EdTech,Coding Bootcamp,Pune,"Falcon Edge, Y Combinator",Seed,670000,2020-06-08,2020,2,5.826074802700826,Early
Udaan,HealthTech,Diagnostics,Noida,"Mirae Asset, Tiger Global",Debt,1904000,2025-05-07,2025,2,6.279666944048455,Other
HealthAnalytics,Logistics,Supply Chain,Mumbai,Lightspeed India,Series A,1303000,2020-01-17,2020,1,6.114944415712585,Growth
Oyo,Media,Streaming,Gurugram,"Bessemer Venture Partners, Tiger Global",Series A,3786000,2023-04-26,2023,2,6.578180609627778,Growth
HomeMart,FoodTech,Cloud Kitchen,Gurugram,"IFC, Peak XV, Sequoia Capital India",Series A,3605000,2023-07-26,2023,3,6.556905269055448,Growth
UrbanSolutions,Media,Content,Mumbai,"Mirae Asset, Tiger Global",Seed,95000,2021-05-02,2021,2,4.977723605288848,Early
SmartCare,E-commerce,Quick Commerce,Gurugram,"Kedaara Capital, Y Combinator",Angel,18000,2022-11-30,2022,4,4.2552725051033065,Early
WorkFit,Mobility,Ride Sharing,Chennai,Info Edge,Seed,217000,2023-03-08,2023,1,5.336459733848529,Early
LogiSense,Logistics,Supply Chain,Chennai,SoftBank Vision Fund,Series B,27576000,2024-02-15,2024,1,7.440531270399891,Growth
SkillFlow,EdTech,K12,Ahmedabad,Info Edge,Seed,521000,2020-08-04,2020,3,5.716837723299524,Early
HyperLabs,Mobility,EV,Gurugram,IFC,Series A,1131000,2022-08-06,2022,3,6.053462604925455,Growth
Bounce,HealthTech,Pharmacy,Ahmedabad,Nexus Venture Partners,Pre-Seed,47000,2024-09-07,2024,3,4.672097857935717,Early
LogiMart,FoodTech,Grocery,Bengaluru,Sequoia Capital India,Series B,28352000,2021-06-16,2021,2,7.452583700206957,Growth
CoreConnect,Mobility,Micro Mobility,Noida,Bessemer Venture Partners,Seed,320000,2022-08-04,2022,3,5.505149978319906,Early
FinSense,FinTech,Lending,Delhi,Prosus Ventures,Seed,1178000,2022-03-31,2022,1,6.071145290451083,Early
WorkFit,Logistics,Last Mile,Bengaluru,"Info Edge, LCatterton, Nexus Venture Partners",Debt,5995000,2021-02-08,2021,1,6.777789187434868,Other
FreshBox,Consumer Electronics,Audio,Delhi,"Kalaari Capital, Prosus Ventures, Sequoia Capital India",Angel,8000,2022-06-06,2022,2,3.9030899869919438,Early
NoBroker,SaaS,DevTools,Delhi,Sequoia Capital India,Seed,65000,2022-07-02,2022,3,4.812913356642856,Early
HomeMart,Consumer Electronics,Wearables,Noida,Y Combinator,Series A,5696000,2020-06-28,2020,2,6.7555699806288,Growth
QuantumDrive,Retail,Fashion,Gurugram,"Bessemer Venture Partners, Tiger Global",Series B,5381000,2024-06-30,2024,2,6.730862992046494,Growth
Licious,Consumer Electronics,Smart Home,Kolkata,"Elevation Capital, SoftBank Vision Fund",Seed,434000,2023-03-04,2023,1,5.63748972951251,Early
GrowthFlow,EdTech,Test Prep,Hyderabad,"Omidyar Network, Y Combinator",Seed,1604000,2022-08-24,2022,3,6.205204363948145,Early
PharmEasy,HealthTech,Telemedicine,Gurugram,"LCatterton, Zodius Capital",Series B,24655000,2021-06-29,2021,2,7.391905006867156,Growth
NimbusMart,EdTech,Coding Bootcamp,Pune,Blume Ventures,Angel,16000,2024-09-27,2024,3,4.204119982655925,Early
FoodLoop,Media,Content,Ahmedabad,Peak XV,Pre-Seed,88000,2023-12-05,2023,4,4.944482672150168,Early
SmartCare,EdTech,Coding Bootcamp,Noida,Accel,Seed,271000,2022-10-01,2022,4,5.432969290874405,Early
PharmEasy,AgriTech,Supply Chain,Bengaluru,LCatterton,Series A,4382000,2020-01-02,2020,1,6.6416723732246865,Growth
CloudPay,SaaS,DevTools,Pune,"Kedaara Capital, Nexus Venture Partners",Seed,1612000,2020-10-29,2020,4,6.207365037469072,Early
FreshToHome,Enterprise,Automation,Pune,"Accel, Kalaari Capital, Peak XV",Bridge,208000,2022-02-04,2022,1,5.318063334962762,Other
Oyo,SaaS,DevTools,Delhi,"Blume Ventures, Peak XV, Ribbit Capital",Series B,71839000,2022-06-13,2022,2,7.856360278315365,Growth
Licious,EdTech,K12,Chennai,Nexus Venture Partners,Seed,1411000,2023-11-11,2023,4,6.149527013754348,Early
Rapido,Media,Streaming,Chennai,"Omidyar Network, Sequoia Capital India",Series D,78480000,2024-04-27,2024,2,7.894758994371892,Late
HomeAnalytics,E-commerce,Fashion,Delhi,Y Combinator,Seed,65000,2020-06-08,2020,2,4.812913356642856,Early
FoodLoop,E-commerce,D2C,Kolkata,Kedaara Capital,Pre-Seed,25000,2021-03-05,2021,1,4.3979400086720375,Early
NextFlow,E-commerce,Quick Commerce,Bengaluru,"IFC, Tiger Global",Pre-Series A,104000,2024-02-09,2024,1,5.017033339298781,Early
NimbusLabs,SaaS,MarTech,Mumbai,"Prosus Ventures, Ribbit Capital",Series C,25829000,2024-06-03,2024,2,7.4121075922790505,Late
BharatPe,Consumer Electronics,Audio,Bengaluru,Peak XV,Seed,621000,2021-10-14,2021,4,5.79309160017658,Early
Groww,SaaS,DevTools,Chennai,"Peak XV, Tiger Global",Seed,65000,2020-06-02,2020,2,4.812913356642856,Early
BlueSpace,AgriTech,Smart Farming,Bengaluru,Omidyar Network,Series A,2372000,2023-08-31,2023,3,6.375114684692225,Growth
DriveEdge,E-commerce,D2C,Gurugram,"A91 Partners, Peak XV",Bridge,1129000,2022-04-18,2022,2,6.052693941924968,Other
HealthAnalytics,E-commerce,Quick Commerce,Chennai,"Nexus Venture Partners, Y Combinator",Series A,1065000,2024-09-16,2024,3,6.027349607774757,Growth
DriveLoop,Enterprise,Automation,Ahmedabad,Lightspeed India,Series A,9076000,2020-07-17,2020,3,6.957894487212898,Growth
Cars24,E-commerce,Fashion,Mumbai,"Mirae Asset, Prosus Ventures",Seed,141000,2022-03-25,2022,1,5.14921911265538,Early
Bounce,RealEstate,Rental Tech,Chennai,"Info Edge, Y Combinator",Seed,77000,2024-12-18,2024,4,4.886490725172482,Early
CureFit,Consumer Electronics,Wearables,Hyderabad,"Tiger Global, Ventures India",Seed,653000,2021-07-04,2021,3,5.814913181275074,Early
Wakefit,E-commerce,D2C,Noida,"Lightspeed India, Tiger Global",Pre-Series A,426000,2024-03-29,2024,1,5.629409599102719,Early
UrbanDrive,FoodTech,Grocery,Kolkata,"Elevation Capital, Kalaari Capital",Series A,10764000,2021-04-27,2021,2,7.031973689091717,Growth
GreenMart,Mobility,Micro Mobility,Ahmedabad,"Blume Ventures, Tiger Global",Seed,753000,2025-04-28,2025,2,5.876794976200701,Early
Meesho,Retail,E-Retail,Delhi,"Info Edge, Ribbit Capital, Tiger Global",Pre-Seed,127000,2020-06-09,2020,2,5.103803720955957,Early
Swiggy,SaaS,B2B SaaS,Mumbai,"Elevation Capital, SoftBank Vision Fund",Pre-Series A,191000,2022-03-24,2022,1,5.281033367247727,Early
LogiRise,FinTech,NeoBank,Ahmedabad,Kalaari Capital,Series A,1617000,2022-05-09,2022,2,6.208710019906401,Growth
GreenConnect,AgriTech,Supply Chain,Mumbai,IFC,Series A,7635000,2020-07-25,2020,3,6.88280904139244,Growth
FoodSolutions,Logistics,Supply Chain,Kolkata,Blume Ventures,Series A,8890000,2022-08-26,2022,3,6.948901760970213,Growth
CoreConnect,AgriTech,Marketplace,Chennai,Prosus Ventures,Pre-Seed,196000,2024-12-26,2024,4,5.292256071356476,Early
Postman,Media,Content,Hyderabad,Zodius Capital,Angel,17000,2020-02-11,2020,1,4.230448921378274,Early
Oyo,Logistics,Supply Chain,Kolkata,Tiger Global,Series D,117757000,2023-11-03,2023,4,8.070986732964537,Late
HomeFoods,Media,Content,Pune,"Blume Ventures, Ribbit Capital",Seed,877000,2022-05-03,2022,2,5.94299959336604,Early
Meesho,Enterprise,Security,Kolkata,Zodius Capital,Series C,50332000,2024-11-11,2024,4,7.70184418793154,Late
NextSense_395,Media,Streaming,Chennai,"IFC, Sequoia Capital India",Seed,1549000,2024-10-09,2024,4,6.190051417759206,Early
CloudLabs,EdTech,Test Prep,Gurugram,Kedaara Capital,Pre-Seed,144000,2020-04-13,2020,2,5.158362492095249,Early
SkillSolutions,Consumer Electronics,Smart Home,Chennai,"Omidyar Network, Sequoia Capital India, Y Combinator",Series B,16426000,2020-09-10,2020,3,7.2155318184912955,Growth
EduTech,Consumer Electronics,Smart Home,Noida,Ventures India,Seed,798000,2020-11-30,2020,4,5.90200289135073,Early
Bounce,Logistics,Last Mile,Chennai,"Bessemer Venture Partners, Lightspeed India",Pre-Seed,114000,2024-10-14,2024,4,5.056904851336473,Early
HomeAnalytics,RealEstate,PropTech,Hyderabad,IFC,Series B,6655000,2022-11-17,2022,4,6.823148059810694,Growth
MediSpace,HealthTech,Diagnostics,Ahmedabad,Omidyar Network,Series C,230417000,2021-04-03,2021,2,8.362514517866753,Late
BigBasket,Media,Streaming,Hyderabad,Info Edge,Pre-Series A,320000,2022-02-10,2022,1,5.505149978319906,Early
GreenEdge,RealEstate,Rental Tech,Ahmedabad,Falcon Edge,Pre-Series A,671000,2020-07-28,2020,3,5.8267225201689925,Early
NimbusWorks,AgriTech,Marketplace,Hyderabad,"Tiger Global, Tiger Global",Seed,163000,2020-08-09,2020,3,5.212187604403958,Early
NeoSense,Logistics,Fleet Management,Hyderabad,LCatterton,Seed,1360000,2022-11-25,2022,4,6.133538908370218,Early
CoreConnect,RealEstate,PropTech,Bengaluru,LCatterton,Series B,14710000,2021-08-28,2021,3,7.16761267272753,Growth
CoreConnect,FinTech,NeoBank,Ahmedabad,"Kedaara Capital, Prosus Ventures, Ribbit Capital",Series C,20596000,2021-12-03,2021,4,7.313782883155197,Late
FarmBox,RealEstate,Home Services,Noida,"Accel, Blume Ventures, IFC",Seed,1411000,2020-12-14,2020,4,6.149527013754348,Early
FreshSolutions,Media,Streaming,Delhi,Prosus Ventures,Bridge,70000,2025-01-16,2025,1,4.845098040014257,Other
HomeAnalytics,Media,Content,Chennai,Matrix Partners India,Series C,47487000,2021-11-09,2021,4,7.676574733814492,Late
Urban Company,Consumer Electronics,Audio,Kolkata,"Omidyar Network, Ribbit Capital",Seed,1664000,2023-07-23,2023,3,6.221153321954705,Early
CoreSpace,Mobility,Ride Sharing,Chennai,IFC,Series A,13122000,2022-04-26,2022,2,7.11800003342128,Growth
WorkPay,EdTech,UpSkilling,Chennai,"IFC, Nexus Venture Partners",Debt,3529000,2025-01-02,2025,1,6.547651658359969,Other
BlueTech,Consumer Electronics,Wearables,Delhi,Info Edge,Seed,514000,2020-04-28,2020,2,5.710963118995275,Early
FarmTech,HealthTech,Diagnostics,Kolkata,Nexus Venture Partners,Series C,67366000,2024-05-15,2024,2,7.828440760956643,Late
DriveEdge,FoodTech,Food Delivery,Kolkata,"Lightspeed India, Y Combinator",Pre-Series A,196000,2020-03-18,2020,1,5.292256071356476,Early
UrbanStack,Retail,Fashion,Gurugram,"IFC, Lightspeed India, Ventures India",Pre-Seed,43000,2020-01-09,2020,1,4.633468455579586,Early
FreshTech,FoodTech,Grocery,Ahmedabad,Elevation Capital,Seed,598000,2020-05-13,2020,2,5.776701183988411,Early
Cars24,Consumer Electronics,Smart Home,Noida,"LCatterton, Tiger Global",Series A,7671000,2021-11-22,2021,4,6.884851982745998,Growth
DataHive,Consumer Electronics,Wearables,Gurugram,"Lightspeed India, Sequoia Capital India",Seed,927000,2025-01-31,2025,1,5.967079734144497,Early
LogiSense,FinTech,NeoBank,Noida,"IFC, Ribbit Capital, Sequoia Capital India",Seed,920000,2022-01-20,2022,1,5.963787827345556,Early
CloudSolutions,AgriTech,Supply Chain,Ahmedabad,Ribbit Capital,Debt,176000,2023-09-17,2023,3,5.2455126678141495,Other
DataAnalytics_423,E-commerce,Fashion,Kolkata,Mirae Asset,Pre-Series A,312000,2023-01-25,2023,1,5.494154594018442,Early
HyperLoop,RealEstate,Rental Tech,Bengaluru,Prosus Ventures,Seed,62000,2023-09-17,2023,3,4.7923916894982534,Early
SkillFlow,Media,Social,Chennai,"Kedaara Capital, Nexus Venture Partners",Series D,177214000,2020-08-02,2020,3,8.248498028400771,Late
Porter,Retail,E-Retail,Kolkata,Zodius Capital,Seed,255000,2021-02-13,2021,1,5.4065401804339555,Early
CloudPay,FoodTech,Food Delivery,Delhi,Prosus Ventures,Pre-Seed,154000,2022-10-13,2022,4,5.187520720836463,Early
AgriHive,FinTech,Payments,Mumbai,"Nexus Venture Partners, Prosus Ventures",Angel,14000,2024-09-06,2024,3,4.146128035678238,Early
Bounce,Retail,Fashion,Mumbai,Ribbit Capital,Series B,6917000,2020-07-26,2020,3,6.839917775678681,Growth
AutoFlow,Logistics,Supply Chain,Kolkata,IFC,Seed,85000,2024-07-23,2024,3,4.929418925714293,Early
Cars24,SaaS,HRTech,Chennai,Sequoia Capital India,Series B,41297000,2020-07-13,2020,3,7.615918503695911,Growth
FinSense,HealthTech,Pharmacy,Pune,"Matrix Partners India, Ventures India",Angel,32000,2025-05-10,2025,2,4.505149978319906,Early
NimbusWorks,HealthTech,Telemedicine,Chennai,Zodius Capital,Pre-Series A,126000,2022-07-23,2022,3,5.1003705451175625,Early
GrowthCare,RealEstate,PropTech,Mumbai,Tiger Global,Seed,68000,2024-01-27,2024,1,4.832508912706237,Early
NextSense,AgriTech,Smart Farming,Ahmedabad,Y Combinator,Series B,34916000,2021-01-06,2021,1,7.543024484820762,Growth
ClearTax,Enterprise,Automation,Delhi,LCatterton,Series A,1218000,2022-09-26,2022,3,6.085647288296856,Growth
Dailyhunt,FinTech,Payments,Hyderabad,"Falcon Edge, IFC, Ventures India",Series B,48819000,2020-01-26,2020,1,7.688588879158805,Growth
Zepto,RealEstate,Home Services,Noida,"Accel, Prosus Ventures",Series A,6770000,2023-12-05,2023,4,6.830588668685144,Growth
LogiMart,RealEstate,Rental Tech,Chennai,"LCatterton, Omidyar Network",Seed,67000,2024-08-19,2024,3,4.826074802700826,Early
MediSpace,HealthTech,Health Analytics,Kolkata,SoftBank Vision Fund,Growth,62547000,2020-06-02,2020,2,7.796206484058361,Late
QuantumSolutions_441,EdTech,Coding Bootcamp,Chennai,"A91 Partners, Info Edge",Series C,289340000,2020-06-10,2020,2,8.461408477126843,Late
Unacademy,Enterprise,Security,Kolkata,"Accel, Kalaari Capital, Ribbit Capital",Seed,199000,2022-10-15,2022,4,5.298853076409706,Early
Rapido,Enterprise,Analytics,Ahmedabad,LCatterton,Bridge,196000,2023-07-29,2023,3,5.292256071356476,Other
CoreFlow,Consumer Electronics,Wearables,Pune,Zodius Capital,Series C,180699000,2024-07-30,2024,3,8.256955749153718,Late
FreshBox,AgriTech,Marketplace,Kolkata,"Accel, Info Edge, Prosus Ventures",Series B,69115000,2022-01-14,2022,1,7.839572312356351,Growth
Rapido,SaaS,HRTech,Hyderabad,"Accel, LCatterton, Mirae Asset",Series A,14442000,2022-02-04,2022,1,7.159627340658673,Growth
Freshworks,E-commerce,D2C,Ahmedabad,"Lightspeed India, Zodius Capital",Seed,805000,2020-09-04,2020,3,5.905795880367869,Early
FinFoods,E-commerce,Fashion,Bengaluru,"Bessemer Venture Partners, Info Edge, Omidyar Network",Angel,15000,2024-09-11,2024,3,4.176091259055681,Early
ClearDekho,HealthTech,Health Analytics,Bengaluru,"Peak XV, Zodius Capital",Series A,1254000,2020-04-09,2020,2,6.098297536494697,Growth
AgriHive,Retail,E-Retail,Ahmedabad,Accel,Seed,879000,2024-07-27,2024,3,5.943988875073772,Early
AgriSense,FoodTech,Food Delivery,Ahmedabad,Elevation Capital,Angel,27000,2024-04-10,2024,2,4.431363764158987,Early
DataHive,Consumer Electronics,Audio,Delhi,"A91 Partners, Falcon Edge, Zodius Capital",Pre-Series A,266000,2023-12-04,2023,4,5.424881636631067,Early
HyperLabs,Mobility,Micro Mobility,Gurugram,"Elevation Capital, Prosus Ventures, SoftBank Vision Fund",Seed,1416000,2023-07-02,2023,3,6.15106325335375,Early
EduTech,Media,Streaming,Pune,A91 Partners,Series B,6806000,2024-04-07,2024,2,6.8328919447597904,Growth
SkillRise,Enterprise,Automation,Hyderabad,Falcon Edge,Growth,183477000,2022-05-15,2022,2,8.26358163044568,Late
GrowthFlow,FinTech,Payments,Gurugram,Tiger Global,Seed,52000,2024-05-27,2024,2,4.7160033436347994,Early
AutoStack,FinTech,WealthTech,Gurugram,Zodius Capital,Series C,71157000,2020-03-07,2020,1,7.852217629815059,Late
Zomato,AgriTech,Marketplace,Noida,"A91 Partners, Bessemer Venture Partners, Matrix Partners India",Growth,58010000,2024-02-29,2024,1,7.763502865467597,Late
SmartTech,FinTech,InsurTech,Chennai,"A91 Partners, Sequoia Capital India, SoftBank Vision Fund",Pre-Series A,131000,2024-06-02,2024,2,5.117271295655764,Early
AutoStack,Enterprise,Security,Gurugram,"A91 Partners, Ribbit Capital, Ventures India",Angel,7000,2023-12-14,2023,4,3.845098040014257,Early
BlueRise,EdTech,UpSkilling,Kolkata,Blume Ventures,Seed,548000,2023-10-30,2023,4,5.738780558484369,Early
NoBroker,Media,Streaming,Mumbai,A91 Partners,Pre-Series A,557000,2022-05-27,2022,2,5.745855195173729,Early
LogiSense,Enterprise,Security,Bengaluru,Tiger Global,Seed,430000,2023-12-24,2023,4,5.633468455579586,Early
AgriSense,Retail,Fashion,Ahmedabad,"A91 Partners, Bessemer Venture Partners",Series D,458292000,2021-09-08,2021,3,8.661142276214502,Late
Groww,Retail,Fashion,Pune,Falcon Edge,Series A,2760000,2025-05-13,2025,2,6.440909082065217,Growth
ClearDekho,HealthTech,Health Analytics,Noida,Lightspeed India,Series A,2168000,2020-07-07,2020,3,6.336059277866349,Growth
Meesho,RealEstate,Home Services,Pune,"Falcon Edge, Tiger Global",Pre-Series A,739000,2021-03-23,2021,1,5.868644438394826,Early
MediSpace,SaaS,MarTech,Gurugram,"Matrix Partners India, Tiger Global",Angel,10000,2023-06-10,2023,2,4.0,Early
AgriSense,Retail,E-Retail,Chennai,Sequoia Capital India,Seed,1746000,2024-01-22,2024,1,6.242044239369551,Early
NimbusWorks,Mobility,EV,Kolkata,"Falcon Edge, Lightspeed India, Peak XV",Pre-Seed,21000,2025-01-13,2025,1,4.3222192947339195,Early
Dream11,Retail,Fashion,Noida,Prosus Ventures,Pre-Seed,187000,2020-05-14,2020,2,5.271841606536499,Early
Meesho,Enterprise,Automation,Chennai,"IFC, Zodius Capital",Series D,55224000,2021-02-25,2021,1,7.74212786038025,Late
DriveEdge,E-commerce,Marketplace,Bengaluru,Accel,Series A,11170000,2021-11-10,2021,4,7.048053173115609,Growth
Udaan,HealthTech,Pharmacy,Noida,LCatterton,Seed,350000,2024-08-09,2024,3,5.544068044350276,Early
Freshworks,FoodTech,Food Delivery,Chennai,"Falcon Edge, Prosus Ventures",Series A,14717000,2020-02-04,2020,1,7.167819289877132,Growth
Byju's,Retail,Fashion,Ahmedabad,Y Combinator,Pre-Seed,24000,2024-10-03,2024,4,4.380211241711606,Early
AeroAnalytics,Retail,Fashion,Hyderabad,"Y Combinator, Zodius Capital",Series A,4481000,2021-07-30,2021,3,6.651374943913043,Growth
ClearTax,Consumer Electronics,Audio,Noida,"Bessemer Venture Partners, IFC",Seed,1786000,2024-03-09,2024,1,6.251881454552527,Early
Urban Company,RealEstate,PropTech,Hyderabad,"Peak XV, Ribbit Capital, Sequoia Capital India",Series B,21323000,2025-02-15,2025,1,7.328848306911196,Growth
SmartCare,FinTech,NeoBank,Ahmedabad,Elevation Capital,Pre-Series A,426000,2023-01-26,2023,1,5.629409599102719,Early
FoodSolutions,RealEstate,Rental Tech,Delhi,"Lightspeed India, Zodius Capital",Seed,651000,2021-03-28,2021,1,5.813580988568192,Early
BlueTech,AgriTech,Supply Chain,Noida,Elevation Capital,Series A,3424000,2023-01-30,2023,1,6.534533756005116,Growth
CRED,Logistics,Last Mile,Gurugram,Y Combinator,Series B,28486000,2022-09-24,2022,3,7.454631469952393,Growth
FinSpace,AgriTech,Supply Chain,Gurugram,Ribbit Capital,Seed,432000,2022-07-11,2022,3,5.635483746814912,Early
BigBasket,Media,Streaming,Delhi,Peak XV,Series A,11477000,2022-01-16,2022,1,7.059828381640982,Growth
Lenskart,FinTech,WealthTech,Gurugram,"Elevation Capital, Ribbit Capital, Y Combinator",Series C,22619000,2023-12-29,2023,4,7.354473400585812,Late
FreshBox,Consumer Electronics,Wearables,Pune,"Accel, Ribbit Capital",Series C,42802000,2022-09-24,2022,3,7.631464062673693,Late
HealthRise,Enterprise,Analytics,Noida,"Sequoia Capital India, Tiger Global",Seed,1666000,2024-02-11,2024,1,6.221674997070769,Early
ClearDekho,RealEstate,PropTech,Ahmedabad,"Lightspeed India, Sequoia Capital India",Series A,11144000,2024-04-24,2024,2,7.047041103415907,Growth
Swiggy,Mobility,Micro Mobility,Kolkata,Kalaari Capital,Series B,17686000,2020-10-31,2020,4,7.247629620679114,Growth
Cars24,HealthTech,Health Analytics,Noida,Falcon Edge,Series A,5362000,2022-03-23,2022,1,6.729326809646861,Growth
MediWorks,Retail,Fashion,Delhi,"A91 Partners, Blume Ventures",Series C,42389000,2020-10-14,2020,4,7.627253171236667,Late
GreenConnect,Consumer Electronics,Wearables,Bengaluru,Tiger Global,Seed,100000,2022-09-25,2022,3,5.0,Early
Nykaa,EdTech,Test Prep,Gurugram,Kalaari Capital,Series A,3510000,2024-06-08,2024,2,6.545307116465824,Growth
AutoFlow,FinTech,WealthTech,Mumbai,"Matrix Partners India, Zodius Capital",Series B,13318000,2022-12-03,2022,4,7.124439010556526,Growth
NoBroker,FoodTech,Grocery,Chennai,Falcon Edge,Pre-Series A,383000,2023-08-31,2023,3,5.583198773968623,Early
UrbanSolutions,EdTech,Coding Bootcamp,Pune,"Bessemer Venture Partners, LCatterton",Series C,24686000,2021-12-07,2021,4,7.392450724656032,Late
MediHive,HealthTech,Health Analytics,Delhi,"Blume Ventures, Elevation Capital, Nexus Venture Partners",Seed,1820000,2022-11-19,2022,4,6.260071387985075,Early
Housejoy,RealEstate,PropTech,Chennai,Mirae Asset,Series C,289004000,2024-01-15,2024,1,8.460903853711239,Late
GrowthCare,AgriTech,Supply Chain,Chennai,A91 Partners,Pre-Seed,100000,2020-03-29,2020,1,5.0,Early
BharatPe,HealthTech,Telemedicine,Ahmedabad,LCatterton,Seed,361000,2020-12-06,2020,4,5.557507201905658,Early
CoreConnect,AgriTech,Marketplace,Bengaluru,"Lightspeed India, Peak XV, Zodius Capital",Growth,113169000,2024-01-30,2024,1,8.053727478329945,Late
CoreSpace,HealthTech,Diagnostics,Chennai,"Blume Ventures, Zodius Capital",Series A,9059000,2024-06-15,2024,2,6.9570802596579,Growth
CureFit,HealthTech,Pharmacy,Kolkata,Y Combinator,Series A,6387000,2020-05-20,2020,2,6.805296916157985,Growth
LogiSense,EdTech,Coding Bootcamp,Delhi,"LCatterton, Omidyar Network",Series A,1553000,2020-12-29,2020,4,6.191171455728559,Growth
AeroAnalytics,E-commerce,Fashion,Delhi,LCatterton,Angel,77000,2023-01-09,2023,1,4.886490725172482,Early
Paytm,Mobility,EV,Pune,"Info Edge, Peak XV",Growth,438231000,2023-11-29,2023,4,8.641703095846193,Late
AgriHive,FoodTech,Food Delivery,Ahmedabad,"A91 Partners, Info Edge, Matrix Partners India",Series C,261867000,2025-02-02,2025,1,8.41808077287772,Late
PharmEasy,Enterprise,Analytics,Hyderabad,"Matrix Partners India, Sequoia Capital India",Series A,7137000,2023-01-18,2023,1,6.853515696756928,Growth
MediHive,E-commerce,Grocery,Bengaluru,"Accel, Bessemer Venture Partners, Kalaari Capital",Pre-Series A,411000,2021-02-24,2021,1,5.613841821876069,Early
DriveLoop,Logistics,Supply Chain,Noida,"Elevation Capital, Prosus Ventures",Pre-Series A,262000,2022-01-18,2022,1,5.418301291319746,Early
CoreFlow,Retail,Fashion,Kolkata,"Mirae Asset, Tiger Global",Seed,1560000,2023-02-19,2023,1,6.193124598354461,Early
FoodSolutions,FoodTech,Grocery,Delhi,Ventures India,Series D,367311000,2023-09-12,2023,3,8.56503393451945,Late
EduMart,HealthTech,Telemedicine,Gurugram,Bessemer Venture Partners,Series A,1130000,2024-05-28,2024,2,6.05307844348342,Growth
Udaan,HealthTech,Health Analytics,Bengaluru,Mirae Asset,Series C,21480000,2024-08-13,2024,3,7.332034277027518,Late
DriveEdge,Logistics,Last Mile,Pune,"Omidyar Network, Tiger Global, Y Combinator",Seed,200000,2020-03-18,2020,1,5.301029995663981,Early
SmartTech,AgriTech,Supply Chain,Delhi,Lightspeed India,Series B,47312000,2022-06-18,2022,2,7.674971307182043,Growth
SmartTech,Retail,Fashion,Noida,"Blume Ventures, Sequoia Capital India",Series A,14492000,2021-04-19,2021,2,7.161128325362499,Growth
MediWorks,HealthTech,Telemedicine,Hyderabad,"Falcon Edge, Kalaari Capital, Omidyar Network",Series C,30056000,2021-12-24,2021,4,7.477931182055328,Late
CRED,E-commerce,Grocery,Hyderabad,"Tiger Global, Y Combinator",Series B,25964000,2023-02-19,2023,1,7.414371600459086,Growth
SkillSolutions,EdTech,Coding Bootcamp,Chennai,Kalaari Capital,Series A,2805000,2021-06-18,2021,2,6.44793286559218,Growth
AeroStack,Mobility,EV,Pune,"IFC, Peak XV",Bridge,1790000,2024-07-02,2024,3,6.252853030979893,Other
AutoStack,FoodTech,Grocery,Kolkata,Peak XV,Series C,195631000,2024-03-31,2024,1,8.291437674900397,Late
LogiRise,AgriTech,Supply Chain,Kolkata,"Ribbit Capital, Tiger Global",Seed,1102000,2020-05-18,2020,2,6.042181594515767,Early
HomeFoods,FoodTech,Food Delivery,Noida,Matrix Partners India,Series A,3558000,2023-12-06,2023,4,6.551205943747906,Growth
Bounce,FoodTech,Grocery,Pune,Mirae Asset,Seed,231000,2025-03-22,2025,1,5.363611979892144,Early
AgriFit,AgriTech,Smart Farming,Delhi,Mirae Asset,Bridge,137000,2023-10-31,2023,4,5.136720567156407,Other
CloudPay,EdTech,UpSkilling,Gurugram,Zodius Capital,Seed,62000,2024-09-05,2024,3,4.7923916894982534,Early
Licious,HealthTech,Telemedicine,Mumbai,"IFC, Mirae Asset, Sequoia Capital India",Angel,67000,2023-10-16,2023,4,4.826074802700826,Early
Razorpay,Enterprise,Security,Pune,"IFC, Mirae Asset",Series A,9037000,2022-10-05,2022,4,6.956024282280677,Growth
QuantumSolutions,Retail,Fashion,Delhi,"A91 Partners, Mirae Asset",Seed,1998000,2024-06-24,2024,2,6.300595483889963,Early
AeroAnalytics,Enterprise,Automation,Delhi,"Falcon Edge, Sequoia Capital India, SoftBank Vision Fund",Series A,14864000,2020-09-03,2020,3,7.172135696649566,Growth
FarmTech,E-commerce,D2C,Pune,A91 Partners,Series A,4500000,2021-06-15,2021,2,6.653212513775344,Growth
FinSpace,AgriTech,Smart Farming,Pune,Kalaari Capital,Seed,853000,2022-05-18,2022,2,5.930949031167523,Early
NimbusWorks,FoodTech,Food Delivery,Kolkata,"Prosus Ventures, Zodius Capital",Seed,1631000,2020-09-25,2020,3,6.212453961040276,Early
SkillFlow,Mobility,EV,Chennai,"Bessemer Venture Partners, Blume Ventures, Nexus Venture Partners",Seed,1149000,2024-06-26,2024,2,6.0603200286882855,Early
Chargebee,HealthTech,Pharmacy,Kolkata,"Accel, Tiger Global",Seed,125000,2023-02-25,2023,1,5.096910013008056,Early
BharatPe,FinTech,Lending,Hyderabad,Info Edge,Series A,3388000,2023-07-13,2023,3,6.529943401658669,Growth
WorkStack,SaaS,HRTech,Pune,IFC,Pre-Seed,27000,2020-09-05,2020,3,4.431363764158987,Early
BlueRise,RealEstate,Rental Tech,Noida,Y Combinator,Seed,1688000,2024-05-17,2024,2,6.227372442289636,Early
Myntra,Retail,Fashion,Kolkata,"Elevation Capital, Ribbit Capital",Private Equity,403808000,2022-02-19,2022,1,8.6061749186726,Late
GreenConnect,RealEstate,Home Services,Chennai,"IFC, Tiger Global",Series B,9425000,2023-03-16,2023,1,6.97428135887783,Growth
BharatPe,SaaS,DevTools,Pune,"Elevation Capital, Matrix Partners India, Ribbit Capital",Seed,596000,2021-08-19,2021,3,5.7752462597402365,Early
Ola,Retail,Grocery,Ahmedabad,"Blume Ventures, IFC",Series A,5333000,2022-07-11,2022,3,6.726971583682877,Growth
FreshSolutions,RealEstate,Home Services,Mumbai,Accel,Seed,187000,2022-03-24,2022,1,5.271841606536499,Early
FarmBox,FinTech,InsurTech,Noida,Matrix Partners India,Series C,27201000,2020-06-19,2020,2,7.434584870449593,Late
HyperLoop,FoodTech,Food Delivery,Gurugram,"Nexus Venture Partners, Ribbit Capital",Seed,595000,2021-08-04,2021,3,5.77451696572855,Early
Lenskart,FinTech,Payments,Pune,"IFC, Mirae Asset",Growth,197383000,2021-10-28,2021,4,8.29530974547586,Late
SkillFlow,HealthTech,Diagnostics,Ahmedabad,"A91 Partners, Falcon Edge, Ribbit Capital",Series A,8097000,2023-07-16,2023,3,6.908324139276179,Growth
FreshTech,Consumer Electronics,Smart Home,Gurugram,Y Combinator,Series C,81807000,2022-06-23,2022,2,7.912790466645709,Late
Swiggy,HealthTech,Pharmacy,Bengaluru,SoftBank Vision Fund,Pre-Seed,142000,2024-07-27,2024,3,5.152288344383057,Early
CoreSpace,Media,Content,Kolkata,"Bessemer Venture Partners, Omidyar Network",Seed,383000,2024-04-17,2024,2,5.583198773968623,Early
MediHive,EdTech,Coding Bootcamp,Noida,Kedaara Capital,Series A,4568000,2021-05-26,2021,2,6.659726095237792,Growth
UrbanDrive,EdTech,UpSkilling,Mumbai,"LCatterton, Ventures India",Pre-Series A,753000,2021-05-05,2021,2,5.876794976200701,Early
SkillFlow,Media,Streaming,Hyderabad,Blume Ventures,Pre-Series A,253000,2024-10-13,2024,4,5.4031205211758175,Early
Cars24,E-commerce,Fashion,Ahmedabad,"Mirae Asset, SoftBank Vision Fund",Series A,1438000,2023-12-05,2023,4,6.157758886046864,Growth
WorkPay_557,Mobility,Ride Sharing,Delhi,Nexus Venture Partners,Bridge,56000,2021-07-31,2021,3,4.748188027006201,Other
Dailyhunt,Media,Social,Gurugram,"Kalaari Capital, Lightspeed India",Seed,810000,2020-01-31,2020,1,5.9084850188786495,Early
Chargebee,SaaS,MarTech,Bengaluru,Tiger Global,Seed,493000,2024-09-23,2024,3,5.69284691927723,Early
DriveFit_560,Consumer Electronics,Audio,Gurugram,"Nexus Venture Partners, Zodius Capital",Angel,41000,2021-05-27,2021,2,4.6127838567197355,Early
LogiMart,Consumer Electronics,Audio,Bengaluru,Falcon Edge,Seed,110000,2024-02-14,2024,1,5.041392685158225,Early
FarmTech,RealEstate,Home Services,Pune,Ventures India,Seed,83000,2024-01-31,2024,1,4.919078092376074,Early
NeoTech,RealEstate,Home Services,Gurugram,"Accel, Lightspeed India, Ribbit Capital",Pre-Series A,103000,2020-04-16,2020,2,5.012837224705172,Early
NeoSense_564,Retail,Grocery,Ahmedabad,Sequoia Capital India,Seed,182000,2024-06-04,2024,2,5.260071387985075,Early
Razorpay,AgriTech,Marketplace,Kolkata,Bessemer Venture Partners,Series B,25663000,2020-11-13,2020,4,7.409307423951978,Growth
LogiMart,E-commerce,Grocery,Pune,"Blume Ventures, Tiger Global, Y Combinator",Angel,16000,2024-04-04,2024,2,4.204119982655925,Early
AeroStack,EdTech,UpSkilling,Noida,Bessemer Venture Partners,Series C,65394000,2024-03-29,2024,1,7.815537902966021,Late
Dailyhunt,Media,Social,Bengaluru,"LCatterton, Mirae Asset, Nexus Venture Partners",Series B,61332000,2022-01-03,2022,1,7.787687127002862,Growth
Dailyhunt,Mobility,EV,Noida,"Blume Ventures, Y Combinator",Series B,13131000,2021-01-23,2021,1,7.118297801332776,Growth
InMobi,Logistics,Fleet Management,Noida,Info Edge,Seed,333000,2022-12-23,2022,4,5.52244423350632,Early
CureFit,Mobility,EV,Kolkata,"Blume Ventures, Y Combinator",Pre-Seed,122000,2023-07-30,2023,3,5.086359830674748,Early
PhonePe,AgriTech,Smart Farming,Ahmedabad,Prosus Ventures,Seed,216000,2024-01-16,2024,1,5.334453751150931,Early
UrbanDrive,RealEstate,Home Services,Noida,Kalaari Capital,Seed,496000,2021-08-02,2021,3,5.695481676490197,Early
AgriSense,Mobility,Micro Mobility,Mumbai,Blume Ventures,Pre-Seed,146000,2025-04-04,2025,2,5.164352855784437,Early
GreenMart,Consumer Electronics,Audio,Mumbai,"Falcon Edge, Prosus Ventures",Pre-Seed,178000,2023-08-07,2023,3,5.250420002308894,Early
CloudSolutions_576,EdTech,Test Prep,Bengaluru,"Accel, LCatterton, Mirae Asset",Angel,8000,2021-03-03,2021,1,3.9030899869919438,Early
HealthWorks,Media,Content,Pune,"Matrix Partners India, Tiger Global",Series C,245913000,2020-04-29,2020,2,8.390781487986505,Late
Groww,Enterprise,Security,Mumbai,"Accel, Kedaara Capital",Bridge,307000,2025-05-21,2025,2,5.487138375477186,Other
AeroHub,Mobility,Micro Mobility,Gurugram,A91 Partners,Series A,2012000,2025-04-24,2025,2,6.30362797638389,Growth
SkillRise,Retail,Fashion,Ahmedabad,"Blume Ventures, IFC, Prosus Ventures",Pre-Series A,288000,2022-07-28,2022,3,5.459392487759231,Early
BlueTech,Mobility,EV,Delhi,"LCatterton, Peak XV",Series A,14210000,2023-05-13,2023,2,7.1525940779274695,Growth
NeoSense,FoodTech,Grocery,Chennai,"A91 Partners, Matrix Partners India",Series C,75927000,2021-10-24,2021,4,7.880396240531349,Late
UrbanSolutions,Media,Content,Pune,Sequoia Capital India,Bridge,168000,2022-07-05,2022,3,5.225309281725863,Other
HealthAnalytics,Mobility,Ride Sharing,Hyderabad,IFC,Pre-Seed,86000,2021-03-30,2021,1,4.9344984512435675,Early
DataAnalytics,Media,Content,Noida,"Blume Ventures, Sequoia Capital India",Series A,1916000,2023-03-14,2023,1,6.282395504742525,Growth
Licious,HealthTech,Diagnostics,Hyderabad,Matrix Partners India,Pre-Series A,119000,2023-04-07,2023,2,5.075546961392531,Early
Delhivery,E-commerce,Grocery,Chennai,"Accel, Mirae Asset, SoftBank Vision Fund",Series A,1418000,2021-03-21,2021,1,6.151676230847047,Growth
Myntra,Enterprise,Automation,Ahmedabad,"Ribbit Capital, Sequoia Capital India",Series C,28289000,2020-07-14,2020,3,7.451617595666328,Late
QuantumAnalytics_589,FinTech,WealthTech,Pune,"Nexus Venture Partners, Peak XV",Growth,74657000,2022-06-08,2022,2,7.873070534349692,Late
HomeFoods,Enterprise,Automation,Bengaluru,"Falcon Edge, Tiger Global",Series B,7347000,2023-07-18,2023,3,6.866110039844377,Growth
FoodLoop,HealthTech,Pharmacy,Noida,Prosus Ventures,Series B,29557000,2020-11-09,2020,4,7.470660351591394,Growth
DriveFit,Retail,Fashion,Ahmedabad,"Elevation Capital, Kalaari Capital",Series A,1636000,2021-03-30,2021,1,6.213783299335304,Growth
LogiSense,Consumer Electronics,Smart Home,Bengaluru,Kalaari Capital,Series A,2550000,2021-06-21,2021,2,6.4065401804339555,Growth
DriveEdge,HealthTech,Diagnostics,Kolkata,"Lightspeed India, Ribbit Capital",Series A,11342000,2022-09-26,2022,3,7.05468964294998,Growth
LogiMart,Logistics,Supply Chain,Pune,Accel,Series B,18607000,2023-03-25,2023,1,7.269676357629865,Growth
Flipkart,FoodTech,Food Delivery,Pune,"Bessemer Venture Partners, Prosus Ventures",Seed,587000,2021-12-06,2021,4,5.768638101247615,Early
Lenskart,SaaS,MarTech,Ahmedabad,Lightspeed India,Seed,94000,2020-04-01,2020,2,4.973127853599698,Early
NimbusWorks,Media,Social,Mumbai,"IFC, Peak XV",Series B,8521000,2021-05-12,2021,2,6.930490565306269,Growth
SmartTech_599,Media,Social,Hyderabad,Lightspeed India,Series A,1117000,2020-02-16,2020,1,6.048053173115609,Growth
Meesho,EdTech,UpSkilling,Noida,Kedaara Capital,Series A,1580000,2024-02-03,2024,1,6.198657086954422,Growth
PhonePe,FoodTech,Grocery,Noida,Elevation Capital,Pre-Seed,38000,2020-12-14,2020,4,4.57978359661681,Early
SkillFlow_602,RealEstate,PropTech,Mumbai,"IFC, Prosus Ventures",Pre-Series A,150000,2021-07-09,2021,3,5.176091259055681,Early
PhonePe,Logistics,Fleet Management,Chennai,"Accel, Tiger Global",Seed,69000,2022-02-18,2022,1,4.838849090737256,Early
HyperLabs,AgriTech,Marketplace,Mumbai,"A91 Partners, Kedaara Capital",Seed,78000,2022-10-22,2022,4,4.892094602690481,Early
Razorpay,EdTech,UpSkilling,Pune,Sequoia Capital India,Series A,3483000,2024-03-04,2024,1,6.541953474458237,Growth
AgriFit,Logistics,Last Mile,Noida,"Kalaari Capital, Matrix Partners India, Tiger Global",Seed,107000,2020-05-06,2020,2,5.02938377768521,Early
ClearTax,Mobility,EV,Gurugram,"Accel, Prosus Ventures",Seed,192000,2025-01-11,2025,1,5.283301228703549,Early
QuantumAnalytics,RealEstate,Rental Tech,Gurugram,Info Edge,Pre-Series A,319000,2023-03-19,2023,1,5.503790683057181,Early
FreshTech,SaaS,MarTech,Noida,Omidyar Network,Seed,638000,2023-08-29,2023,3,5.804820678721162,Early
CloudPay,Logistics,Fleet Management,Noida,Prosus Ventures,Angel,6000,2022-05-30,2022,2,3.7781512503836434,Early
NextSense,Mobility,Micro Mobility,Mumbai,Kedaara Capital,Seed,954000,2024-09-15,2024,3,5.979548374704095,Early
FoodLoop,FoodTech,Food Delivery,Hyderabad,"Bessemer Venture Partners, Elevation Capital, Peak XV",Series A,5476000,2025-03-27,2025,1,6.7384634394619525,Growth
AeroStack,FinTech,NeoBank,Ahmedabad,Matrix Partners India,Seed,68000,2023-03-07,2023,1,4.832508912706237,Early
GrowthFlow,Media,Content,Delhi,"Kedaara Capital, Y Combinator",Series A,10651000,2023-05-23,2023,2,7.02739038468497,Growth
UrbanDrive,HealthTech,Diagnostics,Gurugram,Peak XV,Seed,1494000,2022-04-16,2022,2,6.17435059747938,Early
Flipkart,EdTech,K12,Gurugram,"IFC, Mirae Asset",Seed,63000,2025-03-13,2025,1,4.799340549453582,Early
NeoSense,EdTech,Coding Bootcamp,Chennai,"Kalaari Capital, Kedaara Capital, Zodius Capital",Series C,42331000,2023-05-30,2023,2,7.626658528085447,Late
GrowthConnect,Consumer Electronics,Wearables,Bengaluru,"Falcon Edge, Tiger Global",Growth,419740000,2021-05-18,2021,2,8.622980358183398,Late
Razorpay,Mobility,EV,Noida,Blume Ventures,Series C,151723000,2025-05-25,2025,2,8.181051421366403,Late
Dailyhunt,FoodTech,Food Delivery,Hyderabad,Omidyar Network,Series A,1648000,2022-05-15,2022,2,6.216957207361097,Growth
Udaan,Media,Streaming,Delhi,"Accel, Falcon Edge",Series A,1763000,2023-08-16,2023,3,6.246252312299322,Growth
BlueTech,Media,Streaming,Delhi,"Info Edge, Sequoia Capital India",Pre-Series A,235000,2021-10-24,2021,4,5.371067862271736,Early
CloudPay,E-commerce,D2C,Pune,"Bessemer Venture Partners, Kedaara Capital, Nexus Venture Partners",Series B,19160000,2025-01-31,2025,1,7.282395504742525,Growth
Porter,Media,Content,Pune,"Kedaara Capital, Tiger Global",Seed,489000,2023-12-19,2023,4,5.68930885912362,Early
NextSense,FoodTech,Cloud Kitchen,Delhi,"Blume Ventures, IFC, Nexus Venture Partners",Angel,15000,2023-03-04,2023,1,4.176091259055681,Early
Udaan,FoodTech,Food Delivery,Hyderabad,"Blume Ventures, Elevation Capital",Series B,18027000,2025-05-22,2025,2,7.255923458732901,Growth
LogiSense,FinTech,NeoBank,Hyderabad,"A91 Partners, Sequoia Capital India",Pre-Seed,112000,2022-10-16,2022,4,5.049218022670182,Early
NimbusLabs,AgriTech,Marketplace,Kolkata,Omidyar Network,Series A,1104000,2022-06-23,2022,2,6.04296907339318,Growth
MediHive,Mobility,EV,Ahmedabad,Tiger Global,Series A,1981000,2024-08-06,2024,3,6.296884475538547,Growth
GreenConnect_630,SaaS,B2B SaaS,Delhi,"Elevation Capital, Zodius Capital",Series D,258416000,2023-09-28,2023,3,8.412319399789721,Late
Unacademy,FinTech,Payments,Chennai,"Elevation Capital, Kedaara Capital, Prosus Ventures",Debt,26070000,2020-11-26,2020,4,7.416141031168329,Other
EduTech,Media,Streaming,Pune,SoftBank Vision Fund,Angel,23000,2020-07-09,2020,3,4.361727836017593,Early
QuantumAnalytics,Retail,Grocery,Noida,Nexus Venture Partners,Seed,356000,2022-08-22,2022,3,5.551449997972875,Early
SkillSolutions,FoodTech,Grocery,Gurugram,Accel,Series B,6730000,2023-06-07,2023,2,6.828015064223977,Growth
Unacademy,Consumer Electronics,Smart Home,Ahmedabad,Info Edge,Angel,19000,2023-12-18,2023,4,4.278753600952829,Early
FoodLoop,AgriTech,Marketplace,Pune,"Kedaara Capital, Mirae Asset",Angel,25000,2023-06-12,2023,2,4.3979400086720375,Early
Chargebee,Consumer Electronics,Audio,Ahmedabad,Sequoia Capital India,Seed,122000,2021-08-17,2021,3,5.086359830674748,Early
GrowthFlow,Retail,E-Retail,Gurugram,"Tiger Global, Y Combinator",Series C,41465000,2022-04-29,2022,2,7.61768166971834,Late
Meesho,FinTech,Lending,Hyderabad,Elevation Capital,Seed,201000,2020-05-18,2020,2,5.303196057420489,Early
AgriSense,E-commerce,D2C,Pune,"Peak XV, Zodius Capital",Pre-Series A,105000,2023-03-11,2023,1,5.021189299069938,Early
CloudLabs,SaaS,MarTech,Kolkata,Mirae Asset,Series C,47844000,2023-08-15,2023,3,7.679827481710019,Late
LogiRise,Mobility,EV,Kolkata,"A91 Partners, Falcon Edge, Tiger Global",Series C,35458000,2022-04-27,2022,2,7.5497142356794615,Late
HyperLabs,FinTech,Lending,Ahmedabad,Tiger Global,Series B,12397000,2024-06-25,2024,2,7.093316601204331,Growth
WorkPay,FinTech,WealthTech,Chennai,A91 Partners,Series A,1383000,2024-09-21,2024,3,6.140822180109311,Growth
UrbanDrive,E-commerce,D2C,Pune,"Accel, IFC",Series B,59057000,2021-07-10,2021,3,7.771271381732729,Growth
NimbusWorks,Logistics,Last Mile,Noida,Bessemer Venture Partners,Seed,447000,2020-08-17,2020,3,5.650307523131937,Early
CloudPay,Consumer Electronics,Smart Home,Bengaluru,"Blume Ventures, SoftBank Vision Fund",Series C,125810000,2025-01-27,2025,1,8.099715162351023,Late
AgriHive,Mobility,EV,Pune,Zodius Capital,Seed,919000,2024-11-20,2024,4,5.963315511386111,Early
LogiSense,FinTech,InsurTech,Chennai,Sequoia Capital India,Series B,19914000,2022-12-05,2022,4,7.299158502792247,Growth
FarmFit,AgriTech,Supply Chain,Pune,Falcon Edge,Series A,1265000,2020-04-04,2020,2,6.102090525511836,Growth
FreshTech_651,Retail,Grocery,Gurugram,Elevation Capital,Seed,363000,2021-01-29,2021,1,5.559906625036112,Early
FoodLoop,RealEstate,PropTech,Hyderabad,Sequoia Capital India,Seed,436000,2021-07-14,2021,3,5.639486489268586,Early
Zomato,EdTech,UpSkilling,Noida,"A91 Partners, Bessemer Venture Partners, Blume Ventures",Seed,782000,2020-10-16,2020,4,5.893206753059848,Early
FreshTech,SaaS,MarTech,Bengaluru,"Accel, Tiger Global, Y Combinator",Seed,246000,2022-08-22,2022,3,5.390935107103379,Early
DriveFit,AgriTech,Marketplace,Kolkata,Zodius Capital,Series A,1413000,2021-10-01,2021,4,6.150142161848558,Growth
HealthRise,Retail,Grocery,Ahmedabad,"Info Edge, Mirae Asset, Prosus Ventures",Seed,142000,2024-07-22,2024,3,5.152288344383057,Early
InMobi,Consumer Electronics,Audio,Gurugram,"Matrix Partners India, Y Combinator",Seed,191000,2025-01-08,2025,1,5.281033367247727,Early
BlueTech,RealEstate,Home Services,Pune,Mirae Asset,Series A,5750000,2020-03-02,2020,1,6.7596678446896306,Growth
NextFlow,Enterprise,Analytics,Hyderabad,"Accel, Nexus Venture Partners",Series C,93825000,2023-05-22,2023,2,7.97231857308512,Late
AeroStack,RealEstate,PropTech,Hyderabad,"Kalaari Capital, Ribbit Capital",Series A,2623000,2022-03-31,2022,1,6.418798290590353,Growth
NextSense,FoodTech,Cloud Kitchen,Pune,"Info Edge, Tiger Global",Seed,1903000,2023-11-22,2023,4,6.27943878828702,Early
DataHive,EdTech,K12,Mumbai,"Accel, Zodius Capital",Series B,26816000,2023-12-28,2023,4,7.428393996950183,Growth
SmartMart,E-commerce,Fashion,Delhi,Omidyar Network,Seed,120000,2022-04-11,2022,2,5.079181246047625,Early
QuantumAnalytics,RealEstate,Rental Tech,Bengaluru,LCatterton,Seed,73000,2024-07-31,2024,3,4.863322860120456,Early
Rapido,Retail,E-Retail,Delhi,"Info Edge, Ribbit Capital",Series A,1513000,2021-08-19,2021,3,6.1798389280231865,Growth
CoreFlow,SaaS,HRTech,Ahmedabad,LCatterton,Series C,38931000,2023-10-23,2023,4,7.590295559354024,Late
DriveEdge,SaaS,B2B SaaS,Ahmedabad,IFC,Pre-Seed,29000,2022-11-11,2022,4,4.4623979978989565,Early
HealthWorks,Mobility,Ride Sharing,Bengaluru,Accel,Series B,8387000,2024-08-07,2024,3,6.923606643017459,Growth
HealthAnalytics,EdTech,Coding Bootcamp,Ahmedabad,"A91 Partners, Y Combinator",Pre-Series A,193000,2021-10-13,2021,4,5.285557309007774,Early
NoBroker,Consumer Electronics,Audio,Gurugram,Zodius Capital,Series A,1599000,2024-09-23,2024,3,6.203848463746235,Growth
HyperLoop,Enterprise,Automation,Delhi,"Kedaara Capital, Mirae Asset, Sequoia Capital India",Seed,1367000,2020-05-26,2020,2,6.135768514567823,Early
DriveEdge,HealthTech,Telemedicine,Delhi,"Kedaara Capital, LCatterton",Series B,6246000,2022-05-01,2022,2,6.79560197989418,Growth
Innovaccer,AgriTech,Supply Chain,Kolkata,"Kalaari Capital, Lightspeed India",Series A,4139000,2023-02-04,2023,1,6.61689542640076,Growth
Innovaccer,AgriTech,Supply Chain,Ahmedabad,Kedaara Capital,Series A,3039000,2024-02-05,2024,1,6.482730700079943,Growth
NextStack,Mobility,Micro Mobility,Pune,"Mirae Asset, Y Combinator",Pre-Seed,192000,2020-03-18,2020,1,5.283301228703549,Early
AgriHive,E-commerce,Marketplace,Noida,Mirae Asset,Debt,201000,2024-03-17,2024,1,5.303196057420489,Other
HealthRise,AgriTech,Supply Chain,Gurugram,"Accel, Peak XV, Ribbit Capital",Series A,2937000,2024-02-27,2024,1,6.4679039465228,Growth
FreshTech,SaaS,B2B SaaS,Kolkata,"A91 Partners, SoftBank Vision Fund",Series A,13810000,2025-01-29,2025,1,7.1401936785786315,Growth
AgriFit,Retail,Grocery,Hyderabad,"Kedaara Capital, Ventures India",Seed,1218000,2023-11-24,2023,4,6.085647288296856,Early
Swiggy,FinTech,InsurTech,Ahmedabad,"Ribbit Capital, Tiger Global, Zodius Capital",Seed,1019000,2020-04-15,2020,2,6.008174184006426,Early
SmartTech,HealthTech,Telemedicine,Hyderabad,Elevation Capital,Seed,129000,2023-06-15,2023,2,5.110589710299249,Early
CloudSolutions_682,E-commerce,Grocery,Delhi,Prosus Ventures,Angel,8000,2024-02-22,2024,1,3.9030899869919438,Early
Nykaa,Retail,E-Retail,Hyderabad,"Blume Ventures, Falcon Edge",Series C,122297000,2021-04-28,2021,2,8.087415803729453,Late
GreenMart,E-commerce,Marketplace,Ahmedabad,"Kalaari Capital, Ventures India",Angel,81000,2020-11-11,2020,4,4.9084850188786495,Early
AeroHub,Consumer Electronics,Smart Home,Delhi,Tiger Global,Seed,390000,2024-02-12,2024,1,5.5910646070264995,Early
CureFit,Retail,E-Retail,Bengaluru,"Elevation Capital, Ventures India",Seed,412000,2022-03-27,2022,1,5.6148972160331345,Early
PharmEasy,FoodTech,Grocery,Chennai,"IFC, Sequoia Capital India",Series A,2134000,2020-10-24,2020,4,6.329194415088451,Growth
EduMart,SaaS,B2B SaaS,Mumbai,Peak XV,Angel,50000,2023-07-29,2023,3,4.698970004336019,Early
Paytm,AgriTech,Marketplace,Hyderabad,Matrix Partners India,Seed,100000,2021-06-30,2021,2,5.0,Early
DriveFit,RealEstate,Rental Tech,Gurugram,Falcon Edge,Series B,12266000,2023-04-20,2023,2,7.088702960351474,Growth
BlueTech,FinTech,Payments,Mumbai,"Accel, Info Edge",Pre-Seed,53000,2020-07-19,2020,3,4.724275869600789,Early
HomeAnalytics,Logistics,Last Mile,Bengaluru,Peak XV,Pre-Seed,64000,2020-07-07,2020,3,4.8061799739838875,Early
GreenEdge,RealEstate,PropTech,Mumbai,Y Combinator,Seed,122000,2023-05-23,2023,2,5.086359830674748,Early
DataEdge,Media,Social,Hyderabad,Ribbit Capital,Seed,76000,2023-09-14,2023,3,4.880813592280791,Early
SkillSolutions,Media,Streaming,Pune,Elevation Capital,Seed,476000,2024-05-17,2024,2,5.6776069527204935,Early
HealthWorks,SaaS,B2B SaaS,Hyderabad,Info Edge,Bridge,145000,2021-06-26,2021,2,5.161368002234975,Other
NeoLabs,EdTech,Coding Bootcamp,Delhi,A91 Partners,Series B,25052000,2020-08-10,2020,3,7.3988424030292705,Growth
Paytm,EdTech,Test Prep,Kolkata,Tiger Global,Series B,7671000,2020-07-30,2020,3,6.884851982745998,Growth
AutoStack,FinTech,InsurTech,Delhi,Prosus Ventures,Series B,18981000,2020-01-02,2020,1,7.278319089178812,Growth
NextStack,SaaS,MarTech,Ahmedabad,"Kalaari Capital, Mirae Asset",Pre-Seed,68000,2023-12-20,2023,4,4.832508912706237,Early
CRED,Mobility,Ride Sharing,Bengaluru,"Falcon Edge, Nexus Venture Partners",Pre-Series A,113000,2023-11-12,2023,4,5.05307844348342,Early
Licious,SaaS,HRTech,Chennai,"Accel, Falcon Edge, Peak XV",Seed,173000,2025-05-17,2025,2,5.238046103128795,Early
HealthRise,Retail,Grocery,Gurugram,"Elevation Capital, Prosus Ventures",Seed,82000,2020-03-21,2020,1,4.913813852383717,Early
UrbanDrive,RealEstate,Rental Tech,Pune,"Blume Ventures, Info Edge, Sequoia Capital India",Series A,1187000,2024-12-17,2024,4,6.0744507189545915,Growth
GrowthFlow,AgriTech,Supply Chain,Kolkata,"Mirae Asset, Ribbit Capital",Pre-Series A,977000,2024-06-11,2024,2,5.9898945637187735,Early
EduBox,FinTech,Payments,Pune,"Bessemer Venture Partners, Nexus Venture Partners, Tiger Global",Seed,164000,2024-06-01,2024,2,5.214843848047698,Early
LogiRise,Enterprise,Automation,Delhi,Sequoia Capital India,Series B,47223000,2021-04-22,2021,2,7.674153573637664,Growth
SmartCare,FinTech,InsurTech,Ahmedabad,"Blume Ventures, Nexus Venture Partners, Tiger Global",Pre-Seed,36000,2023-12-07,2023,4,4.556302500767287,Early
BigBasket,Enterprise,Analytics,Kolkata,"Tiger Global, Zodius Capital",Series A,6332000,2024-09-06,2024,3,6.8015409061903185,Growth
Porter,Consumer Electronics,Smart Home,Ahmedabad,Info Edge,Seed,826000,2024-07-05,2024,3,5.916980047320382,Early
FoodFit,RealEstate,Rental Tech,Noida,Ventures India,Seed,450000,2024-09-09,2024,3,5.653212513775344,Early
NoBroker,SaaS,B2B SaaS,Mumbai,"Blume Ventures, Y Combinator",Seed,285000,2024-03-31,2024,1,5.45484486000851,Early
Dream11,Consumer Electronics,Audio,Ahmedabad,"Bessemer Venture Partners, Omidyar Network, Sequoia Capital India",Pre-Seed,52000,2020-07-23,2020,3,4.7160033436347994,Early
Myntra,E-commerce,Quick Commerce,Bengaluru,"Kalaari Capital, LCatterton, Ribbit Capital",Seed,181000,2020-07-01,2020,3,5.2576785748691846,Early
FarmBox,EdTech,K12,Hyderabad,Peak XV,Series A,12394000,2022-04-23,2022,2,7.09321149181366,Growth
GrowthConnect,Media,Content,Ahmedabad,Y Combinator,Bridge,1071000,2023-07-08,2023,3,6.029789470831855,Other
MediHive,EdTech,Test Prep,Noida,IFC,Bridge,1758000,2023-06-21,2023,2,6.245018870737753,Other
ClearDekho,EdTech,Coding Bootcamp,Gurugram,Bessemer Venture Partners,Seed,79000,2021-01-31,2021,1,4.897627091290442,Early
FarmBox,HealthTech,Telemedicine,Bengaluru,Info Edge,Series B,37933000,2021-08-06,2021,3,7.579017191026648,Growth
WorkStack,Retail,Grocery,Bengaluru,"Bessemer Venture Partners, Blume Ventures",Seed,1593000,2020-04-17,2020,2,6.202215775801132,Early
Myntra,Mobility,Ride Sharing,Mumbai,"Omidyar Network, SoftBank Vision Fund",Angel,9000,2024-01-17,2024,1,3.9542425094393248,Early
BlueRise,SaaS,DevTools,Mumbai,Ventures India,Seed,64000,2020-07-19,2020,3,4.8061799739838875,Early
CloudPay,EdTech,Test Prep,Kolkata,"Nexus Venture Partners, Peak XV",Series A,7441000,2020-04-21,2020,2,6.871631304537553,Growth
AutoFlow,SaaS,DevTools,Kolkata,Tiger Global,Series B,24587000,2023-07-18,2023,3,7.390705541226371,Growth
CloudPay,FinTech,NeoBank,Bengaluru,"Blume Ventures, Info Edge",Seed,1116000,2020-08-15,2020,3,6.04766419460156,Early
DataHive,Logistics,Fleet Management,Delhi,"LCatterton, Omidyar Network",Series C,29202000,2023-07-30,2023,3,7.46541259662715,Late
HomeFoods,Enterprise,Automation,Kolkata,Mirae Asset,Growth,407801000,2021-03-19,2021,1,8.610448286410119,Late
UrbanStack,Media,Social,Gurugram,LCatterton,Seed,105000,2023-04-01,2023,2,5.021189299069938,Early
WorkPay,FinTech,InsurTech,Bengaluru,"Falcon Edge, Sequoia Capital India, Ventures India",Pre-Seed,29000,2022-08-21,2022,3,4.4623979978989565,Early
GrowthCare,Media,Social,Kolkata,"Kedaara Capital, Ventures India",Series A,1560000,2020-06-19,2020,2,6.193124598354461,Growth
Freshworks,EdTech,K12,Pune,Sequoia Capital India,Seed,1009000,2023-08-19,2023,3,6.003891166236911,Early
BigBasket,HealthTech,Health Analytics,Ahmedabad,"Mirae Asset, Nexus Venture Partners",Series B,31619000,2020-02-19,2020,1,7.4999481305756515,Growth
CoreConnect,Enterprise,Security,Kolkata,"LCatterton, SoftBank Vision Fund, Tiger Global",Series B,21321000,2020-01-03,2020,1,7.32880757016209,Growth
GreenMart,Retail,Grocery,Ahmedabad,Bessemer Venture Partners,Series A,2643000,2024-06-15,2024,2,6.422097163131711,Growth
HealthRise,SaaS,B2B SaaS,Noida,LCatterton,Bridge,1271000,2023-10-13,2023,4,6.1041455505540085,Other
FreshToHome,FoodTech,Food Delivery,Kolkata,Blume Ventures,Series A,2894000,2022-01-18,2022,1,6.461498526783019,Growth
CRED,Mobility,Micro Mobility,Gurugram,A91 Partners,Seed,1017000,2021-11-16,2021,4,6.007320952922744,Early
GrowthCare,Retail,Fashion,Gurugram,SoftBank Vision Fund,Series C,65689000,2024-04-07,2024,2,7.817492650545067,Late
NextStack,FoodTech,Food Delivery,Bengaluru,"Falcon Edge, Mirae Asset",Seed,201000,2021-12-08,2021,4,5.303196057420489,Early
NeoTech,Mobility,Micro Mobility,Noida,"Prosus Ventures, Y Combinator",Angel,20000,2022-07-14,2022,3,4.301029995663981,Early
Byju's,EdTech,Coding Bootcamp,Mumbai,Elevation Capital,Seed,152000,2025-01-12,2025,1,5.181843587944773,Early
Dunzo,E-commerce,Marketplace,Hyderabad,"Lightspeed India, Nexus Venture Partners",Seed,788000,2020-10-30,2020,4,5.896526217489555,Early
DataAnalytics,RealEstate,Rental Tech,Delhi,"Sequoia Capital India, Ventures India",Series A,3902000,2022-05-10,2022,2,6.591287265058499,Growth
FinFoods_744,Enterprise,Analytics,Noida,"Ribbit Capital, SoftBank Vision Fund",Series B,9519000,2022-04-23,2022,2,6.978591326820075,Growth
NeoSense,RealEstate,Rental Tech,Noida,"Elevation Capital, Nexus Venture Partners",Series D,396775000,2022-06-30,2022,2,8.59854430031659,Late
BigBasket,HealthTech,Pharmacy,Gurugram,Bessemer Venture Partners,Series A,2828000,2025-06-11,2025,2,6.451479405124862,Growth
Postman,HealthTech,Pharmacy,Hyderabad,"Kedaara Capital, Peak XV",Series A,4358000,2020-12-06,2020,4,6.639287225910237,Growth
SmartTech,HealthTech,Diagnostics,Delhi,A91 Partners,Seed,1416000,2020-03-25,2020,1,6.15106325335375,Early
Dailyhunt,Logistics,Supply Chain,Delhi,Prosus Ventures,Seed,500000,2023-12-19,2023,4,5.698970004336019,Early
FoodSolutions,Consumer Electronics,Smart Home,Delhi,Kalaari Capital,Series A,1372000,2020-09-05,2020,3,6.137354111370733,Growth
Chargebee,Retail,E-Retail,Kolkata,Tiger Global,Angel,84000,2020-11-15,2020,4,4.924279286061882,Early
ClearDekho,SaaS,HRTech,Kolkata,"Bessemer Venture Partners, Prosus Ventures",Angel,33000,2025-06-08,2025,2,4.518513939877887,Early
Ola,SaaS,B2B SaaS,Kolkata,"A91 Partners, Kalaari Capital, SoftBank Vision Fund",Angel,14000,2020-10-12,2020,4,4.146128035678238,Early
HomeAnalytics,E-commerce,D2C,Bengaluru,"Bessemer Venture Partners, Falcon Edge",Series A,1458000,2021-02-03,2021,1,6.163757523981956,Growth
QuantumSolutions,E-commerce,Grocery,Kolkata,Tiger Global,Series B,45193000,2025-05-15,2025,2,7.655071171607829,Growth
DriveFit,SaaS,B2B SaaS,Pune,Y Combinator,Pre-Series A,417000,2024-01-06,2024,1,5.620136054973758,Early
HealthAnalytics,Logistics,Supply Chain,Noida,"Kalaari Capital, Ventures India",Seed,358000,2024-01-30,2024,1,5.553883026643875,Early
Ola,Logistics,Last Mile,Chennai,Zodius Capital,Series B,59611000,2022-04-28,2022,2,7.775326407366118,Growth
Unacademy,HealthTech,Diagnostics,Hyderabad,"Tiger Global, Tiger Global",Series A,8462000,2024-11-11,2024,4,6.927473020995276,Growth
UrbanSolutions,FoodTech,Grocery,Hyderabad,"Kedaara Capital, Ventures India",Pre-Series A,142000,2023-02-12,2023,1,5.152288344383057,Early
FinSense,Enterprise,Security,Hyderabad,Zodius Capital,Series A,2326000,2020-03-27,2020,1,6.36660971039243,Growth
Oyo,Consumer Electronics,Smart Home,Kolkata,Blume Ventures,Seed,125000,2024-06-08,2024,2,5.096910013008056,Early
Delhivery,RealEstate,Rental Tech,Kolkata,Kalaari Capital,Seed,778000,2023-09-25,2023,3,5.8909795969896885,Early
NeoLabs,RealEstate,PropTech,Bengaluru,"Tiger Global, Tiger Global",Seed,57000,2021-07-21,2021,3,4.7558748556724915,Early
ShareChat,AgriTech,Smart Farming,Ahmedabad,"Prosus Ventures, Tiger Global, Zodius Capital",Series A,4680000,2021-06-12,2021,2,6.670245853074124,Growth
NimbusWorks,AgriTech,Supply Chain,Hyderabad,SoftBank Vision Fund,Seed,833000,2020-04-29,2020,2,5.920645001406788,Early
HyperSpace,FinTech,WealthTech,Pune,Tiger Global,Pre-Series A,753000,2025-02-10,2025,1,5.876794976200701,Early
Cars24,Mobility,Micro Mobility,Mumbai,"Accel, Blume Ventures, Ventures India",Series A,2525000,2024-04-18,2024,2,6.402261382454681,Growth
AgriSense,Enterprise,Automation,Hyderabad,"Falcon Edge, Y Combinator",Seed,1034000,2023-11-30,2023,4,6.014520538757924,Early
SmartCare_770,Mobility,EV,Pune,LCatterton,Series C,26986000,2022-04-23,2022,2,7.431138516024918,Late
BharatPe,E-commerce,Marketplace,Delhi,Bessemer Venture Partners,Series A,9897000,2024-08-30,2024,3,6.995503570265006,Growth
Porter,FoodTech,Food Delivery,Mumbai,Mirae Asset,Seed,80000,2020-09-25,2020,3,4.903089986991944,Early
FreshTech,HealthTech,Health Analytics,Ahmedabad,Blume Ventures,Series A,2933000,2025-06-09,2025,2,6.467312062980552,Growth
Oyo,FinTech,Payments,Gurugram,Prosus Ventures,Seed,947000,2023-11-22,2023,4,5.976349979003273,Early
BigBasket,HealthTech,Diagnostics,Delhi,"Accel, Sequoia Capital India, Ventures India",Debt,254000,2022-05-20,2022,2,5.4048337166199385,Other
AgriHive,FinTech,Lending,Mumbai,"Mirae Asset, Omidyar Network",Pre-Seed,34000,2023-09-13,2023,3,4.531478917042255,Early
AutoStack_777,Logistics,Fleet Management,Bengaluru,LCatterton,Series C,141405000,2024-05-21,2024,2,8.150464766137105,Late
CoreFlow,EdTech,K12,Pune,"Peak XV, Y Combinator",Pre-Seed,105000,2020-10-25,2020,4,5.021189299069938,Early
BharatPe,Enterprise,Automation,Ahmedabad,Accel,Seed,532000,2023-03-13,2023,1,5.725911632295048,Early
UrbanStack,Media,Social,Hyderabad,"Kedaara Capital, Sequoia Capital India",Seed,647000,2024-03-24,2024,1,5.810904280668701,Early
Meesho,Mobility,Micro Mobility,Kolkata,Info Edge,Pre-Series A,349000,2023-04-22,2023,2,5.54282542695918,Early
AeroStack,SaaS,MarTech,Chennai,"Accel, Tiger Global",Seed,127000,2021-04-11,2021,2,5.103803720955957,Early
NeoTech,Mobility,Ride Sharing,Kolkata,A91 Partners,Series C,51004000,2023-12-14,2023,4,7.707604237074535,Late
Razorpay,E-commerce,D2C,Kolkata,"Omidyar Network, SoftBank Vision Fund",Seed,98000,2021-08-03,2021,3,4.991226075692495,Early
Ola,EdTech,Coding Bootcamp,Hyderabad,IFC,Debt,28306000,2022-05-26,2022,2,7.451878502333504,Other
FarmBox,SaaS,DevTools,Bengaluru,"Accel, Info Edge, Prosus Ventures",Debt,3755000,2022-10-03,2022,4,6.574609941340187,Other
WorkFit,FoodTech,Food Delivery,Ahmedabad,Tiger Global,Bridge,219000,2024-02-27,2024,1,5.3404441148401185,Other
BlueRise,AgriTech,Smart Farming,Mumbai,"Mirae Asset, Ventures India",Seed,275000,2022-05-19,2022,2,5.439332693830263,Early
SkillFlow,Retail,Fashion,Chennai,"Peak XV, Tiger Global",Pre-Series A,886000,2023-09-27,2023,3,5.947433721887051,Early
QuantumSolutions,Consumer Electronics,Audio,Mumbai,Ribbit Capital,Seed,88000,2022-10-15,2022,4,4.944482672150168,Early
HyperSpace_791,Media,Social,Mumbai,Y Combinator,Series A,4892000,2020-02-24,2020,1,6.6894864483642476,Growth
NeoSense,AgriTech,Marketplace,Mumbai,"Bessemer Venture Partners, Ventures India",Series C,78705000,2023-09-15,2023,3,7.89600232325402,Late
CloudPay,Consumer Electronics,Wearables,Noida,"A91 Partners, Peak XV",Seed,477000,2021-12-04,2021,4,5.678518379040114,Early
GreenMart,E-commerce,Fashion,Kolkata,"Info Edge, Sequoia Capital India",Seed,53000,2022-02-09,2022,1,4.724275869600789,Early
Oyo,Media,Social,Kolkata,"A91 Partners, Kalaari Capital, Ventures India",Series A,10610000,2021-10-01,2021,4,7.025715383901341,Growth
NeoLabs,RealEstate,Rental Tech,Ahmedabad,Falcon Edge,Series A,12481000,2023-02-25,2023,1,7.096249383189612,Growth
DriveFit,AgriTech,Smart Farming,Ahmedabad,SoftBank Vision Fund,Series B,23958000,2024-04-18,2024,2,7.379450560577981,Growth
ClearTax,AgriTech,Supply Chain,Delhi,"Omidyar Network, Ribbit Capital, Ventures India",Series D,248669000,2021-12-15,2021,4,8.395621647883182,Late
QuantumAnalytics,SaaS,HRTech,Chennai,Matrix Partners India,Pre-Series A,837000,2023-09-16,2023,3,5.92272545799326,Early
FreshTech,Media,Social,Hyderabad,Falcon Edge,Seed,679000,2020-12-13,2020,4,5.831869774280501,Early
GrowthConnect,Enterprise,Security,Ahmedabad,Sequoia Capital India,Series A,1511000,2022-05-12,2022,2,6.179264464339026,Growth
CoreSpace,SaaS,MarTech,Ahmedabad,Zodius Capital,Pre-Series A,377000,2023-03-18,2023,1,5.576341350205793,Early
Practo,Media,Streaming,Gurugram,"Omidyar Network, SoftBank Vision Fund, Y Combinator",Seed,469000,2022-10-26,2022,4,5.671172842715083,Early
DriveEdge,RealEstate,PropTech,Noida,Elevation Capital,Seed,239000,2021-06-27,2021,2,5.378397900948138,Early
FoodFit,AgriTech,Marketplace,Mumbai,Omidyar Network,Series B,38525000,2023-03-30,2023,1,7.585742647390457,Growth
SkillFlow_806,Retail,Fashion,Kolkata,Ribbit Capital,Pre-Series A,860000,2021-12-12,2021,4,5.9344984512435675,Early
Oyo,Mobility,EV,Chennai,Kalaari Capital,Series B,65083000,2021-10-03,2021,4,7.813467563524457,Growth
AutoStack,Consumer Electronics,Smart Home,Noida,"A91 Partners, IFC, Kedaara Capital",Seed,264000,2020-02-08,2020,1,5.421603926869831,Early
Meesho,RealEstate,Rental Tech,Kolkata,"IFC, Zodius Capital",Seed,76000,2023-07-30,2023,3,4.880813592280791,Early
DriveEdge,Media,Streaming,Bengaluru,Nexus Venture Partners,Series A,14397000,2022-01-16,2022,1,7.158272004652084,Growth
Delhivery,Enterprise,Security,Chennai,Ribbit Capital,Seed,1104000,2024-08-27,2024,3,6.04296907339318,Early
Flipkart,Logistics,Supply Chain,Delhi,Kalaari Capital,Seed,79000,2023-05-16,2023,2,4.897627091290442,Early
Porter,HealthTech,Diagnostics,Bengaluru,Mirae Asset,Seed,1494000,2024-08-21,2024,3,6.17435059747938,Early
DriveEdge,FinTech,Lending,Delhi,Bessemer Venture Partners,Seed,1238000,2020-02-29,2020,1,6.092720644684099,Early
QuantumSolutions,HealthTech,Telemedicine,Kolkata,SoftBank Vision Fund,Series C,81514000,2020-04-23,2020,2,7.911232205066201,Late
Delhivery,Enterprise,Analytics,Chennai,"Kalaari Capital, LCatterton, Zodius Capital",Angel,29000,2023-10-07,2023,4,4.4623979978989565,Early
FinSense,AgriTech,Marketplace,Noida,"Peak XV, Zodius Capital",Angel,17000,2022-12-04,2022,4,4.230448921378274,Early
AutoStack,E-commerce,Marketplace,Ahmedabad,SoftBank Vision Fund,Seed,61000,2024-07-10,2024,3,4.785329835010767,Early
UrbanDrive,Media,Social,Chennai,Lightspeed India,Seed,172000,2020-08-06,2020,3,5.235528446907549,Early
SkillSolutions,Logistics,Fleet Management,Bengaluru,"Info Edge, Peak XV, SoftBank Vision Fund",Series A,8795000,2022-02-06,2022,1,6.94423584379348,Growth
LogiMart,Retail,E-Retail,Pune,Sequoia Capital India,Series A,1013000,2022-01-23,2022,1,6.005609445360281,Growth
GreenMart,RealEstate,PropTech,Gurugram,Ribbit Capital,Seed,171000,2022-02-26,2022,1,5.232996110392154,Early
ShareChat,Retail,Fashion,Mumbai,"Kalaari Capital, LCatterton",Series A,2940000,2021-04-29,2021,2,6.468347330412158,Growth
DriveFit,Logistics,Supply Chain,Mumbai,Elevation Capital,Angel,25000,2024-03-29,2024,1,4.3979400086720375,Early
BharatPe,Consumer Electronics,Smart Home,Pune,"IFC, Kalaari Capital, Sequoia Capital India",Growth,566555000,2024-04-19,2024,2,8.753242076665533,Late
NeoLabs,FoodTech,Food Delivery,Chennai,Zodius Capital,Growth,124717000,2024-08-06,2024,3,8.095925655587491,Late
Swiggy,Mobility,Ride Sharing,Pune,"Info Edge, Ventures India",Pre-Series A,222000,2024-02-02,2024,1,5.346352974450639,Early
ClearTax,Retail,E-Retail,Delhi,"Kalaari Capital, Nexus Venture Partners, Ribbit Capital",Series B,38638000,2024-06-08,2024,2,7.5870146381512305,Growth
HyperLabs,E-commerce,Marketplace,Gurugram,"IFC, Prosus Ventures, Ventures India",Series A,3403000,2025-06-08,2025,2,6.531861949095809,Growth
FoodLoop,Enterprise,Automation,Delhi,"Bessemer Venture Partners, Zodius Capital",Seed,114000,2023-11-08,2023,4,5.056904851336473,Early
BlueRise,SaaS,DevTools,Chennai,"Lightspeed India, Peak XV",Growth,165015000,2025-04-18,2025,2,8.217523423735946,Late
HomeFoods,Consumer Electronics,Audio,Hyderabad,Kalaari Capital,Series B,7389000,2020-12-11,2020,4,6.868585666558766,Growth
DriveLoop,HealthTech,Telemedicine,Pune,Sequoia Capital India,Seed,96000,2023-03-07,2023,1,4.982271233039568,Early
DriveEdge,Consumer Electronics,Smart Home,Kolkata,Blume Ventures,Seed,314000,2024-01-01,2024,1,5.496929648073215,Early
NextStack,Consumer Electronics,Wearables,Delhi,"Lightspeed India, Zodius Capital",Series A,3110000,2021-02-27,2021,1,6.492760389026838,Growth
FinFoods,FoodTech,Cloud Kitchen,Bengaluru,Ribbit Capital,Seed,1461000,2021-06-20,2021,2,6.164650215934297,Early
LogiMart,RealEstate,Rental Tech,Kolkata,IFC,Seed,190000,2022-08-18,2022,3,5.278753600952829,Early
AutoMart,Media,Content,Chennai,Accel,Series B,25007000,2021-06-08,2021,2,7.398061594105804,Growth
HealthWorks_839,EdTech,Coding Bootcamp,Pune,"Omidyar Network, Tiger Global, Ventures India",Debt,5087000,2025-04-07,2025,2,6.706461737631355,Other
FarmFit_840,Mobility,Micro Mobility,Chennai,"A91 Partners, Tiger Global, Y Combinator",Seed,52000,2022-03-19,2022,1,4.7160033436347994,Early
EduTech,Mobility,EV,Pune,SoftBank Vision Fund,Growth,288051000,2020-09-27,2020,3,8.459469387265125,Late
Paytm,HealthTech,Pharmacy,Mumbai,Mirae Asset,Seed,96000,2025-06-27,2025,2,4.982271233039568,Early
QuantumSolutions,FoodTech,Food Delivery,Hyderabad,Falcon Edge,Series A,13499000,2024-04-08,2024,2,7.130301597341845,Growth
DriveEdge,SaaS,MarTech,Delhi,"Blume Ventures, Info Edge, Ribbit Capital",Series A,1496000,2025-03-05,2025,1,6.174931593528442,Growth
Udaan,EdTech,K12,Bengaluru,"LCatterton, Mirae Asset, Nexus Venture Partners",Series A,3074000,2020-11-30,2020,4,6.487703863163726,Growth
NimbusLabs_846,SaaS,MarTech,Kolkata,"Accel, IFC, Nexus Venture Partners",Series A,1260000,2024-09-28,2024,3,6.1003705451175625,Growth
HealthAnalytics,HealthTech,Pharmacy,Ahmedabad,Omidyar Network,Angel,99000,2023-04-14,2023,2,4.99563519459755,Early
MediHive,AgriTech,Supply Chain,Chennai,"LCatterton, Prosus Ventures",Angel,23000,2021-05-19,2021,2,4.361727836017593,Early
GrowthFlow,RealEstate,PropTech,Chennai,Zodius Capital,Pre-Series A,394000,2025-03-17,2025,1,5.595496221825574,Early
HyperLoop_850,Consumer Electronics,Smart Home,Kolkata,Omidyar Network,Series A,1199000,2025-05-10,2025,2,6.078819183098848,Growth
MediHive,FinTech,NeoBank,Kolkata,"Bessemer Venture Partners, LCatterton, Nexus Venture Partners",Seed,795000,2024-02-07,2024,1,5.9003671286564705,Early
Postman,Retail,Fashion,Hyderabad,"Peak XV, Tiger Global, Y Combinator",Seed,108000,2020-04-23,2020,2,5.033423755486949,Early
FoodFit,EdTech,Coding Bootcamp,Mumbai,Kalaari Capital,Pre-Seed,158000,2021-03-02,2021,1,5.198657086954422,Early
CoreConnect,Retail,Fashion,Delhi,"LCatterton, Ventures India",Seed,107000,2022-10-02,2022,4,5.02938377768521,Early
LogiSense,E-commerce,D2C,Noida,"A91 Partners, Mirae Asset",Seed,101000,2022-07-01,2022,3,5.004321373782642,Early
Innovaccer,E-commerce,Fashion,Pune,"Info Edge, SoftBank Vision Fund, Tiger Global",Series A,1104000,2022-06-08,2022,2,6.04296907339318,Growth
SmartMart,RealEstate,Rental Tech,Delhi,"Accel, Mirae Asset, Ribbit Capital",Angel,21000,2022-12-15,2022,4,4.3222192947339195,Early
HealthRise,Consumer Electronics,Wearables,Delhi,Zodius Capital,Debt,3346000,2023-11-02,2023,4,6.524525936626376,Other
DriveLoop,FinTech,NeoBank,Mumbai,Falcon Edge,Angel,6000,2022-11-17,2022,4,3.7781512503836434,Early
Flipkart,E-commerce,Fashion,Ahmedabad,Omidyar Network,Series C,163351000,2021-12-28,2021,4,8.213121797477832,Late
AeroAnalytics_861,Media,Streaming,Kolkata,"Kalaari Capital, Tiger Global",Seed,266000,2021-01-08,2021,1,5.424881636631067,Early
Delhivery,SaaS,MarTech,Kolkata,Tiger Global,Series A,4137000,2021-06-26,2021,2,6.616685520895512,Growth
DataEdge,E-commerce,Grocery,Hyderabad,"Falcon Edge, Sequoia Capital India",Growth,160008000,2020-08-05,2020,3,8.20414169683717,Late
Porter,FinTech,Lending,Kolkata,"Mirae Asset, Omidyar Network, Tiger Global",Series A,2960000,2022-04-09,2022,2,6.471291711058939,Growth
ShareChat,Media,Streaming,Chennai,Nexus Venture Partners,Series C,91037000,2020-06-28,2020,2,7.959217937705293,Late
FinFoods,FinTech,Lending,Bengaluru,Ribbit Capital,Seed,89000,2023-08-21,2023,3,4.949390006644912,Early
DriveEdge,Enterprise,Automation,Gurugram,"Kalaari Capital, Nexus Venture Partners",Seed,98000,2024-04-25,2024,2,4.991226075692495,Early
Porter,HealthTech,Diagnostics,Kolkata,IFC,Bridge,1201000,2022-08-23,2022,3,6.079543007402906,Other
HomeMart,AgriTech,Smart Farming,Bengaluru,"IFC, Info Edge, Kalaari Capital",Seed,1639000,2020-07-29,2020,3,6.214578953570499,Early
NimbusLabs,AgriTech,Marketplace,Noida,"Falcon Edge, Kalaari Capital",Debt,1018000,2020-03-16,2020,1,6.00774777800074,Other
Myntra,EdTech,Test Prep,Noida,A91 Partners,Pre-Seed,37000,2023-03-26,2023,1,4.568201724066995,Early
NextStack,FoodTech,Food Delivery,Mumbai,"Kedaara Capital, Sequoia Capital India, Y Combinator",Series A,5720000,2025-04-06,2025,2,6.757396028793024,Growth
SmartTech,Consumer Electronics,Wearables,Kolkata,"LCatterton, SoftBank Vision Fund",Seed,226000,2021-03-25,2021,1,5.354108439147401,Early
InMobi,HealthTech,Pharmacy,Chennai,"Mirae Asset, Ribbit Capital, Y Combinator",Bridge,55000,2024-09-02,2024,3,4.740362689494244,Other
BharatPe,AgriTech,Supply Chain,Hyderabad,"Blume Ventures, Mirae Asset",Series B,7709000,2020-06-25,2020,2,6.886998045671099,Growth
NeoLabs,FoodTech,Food Delivery,Hyderabad,Tiger Global,Seed,701000,2023-02-14,2023,1,5.845718017966659,Early
Licious,Logistics,Supply Chain,Delhi,"Sequoia Capital India, Tiger Global",Seed,568000,2024-10-26,2024,4,5.754348335711019,Early
Paytm,E-commerce,Grocery,Gurugram,"Matrix Partners India, SoftBank Vision Fund",Seed,55000,2021-04-03,2021,2,4.740362689494244,Early
AgriFit,Retail,Fashion,Hyderabad,"Accel, IFC, Omidyar Network",Angel,10000,2024-10-13,2024,4,4.0,Early
Postman,Consumer Electronics,Wearables,Mumbai,"IFC, Omidyar Network",Bridge,117000,2024-05-19,2024,2,5.068185861746161,Other
Zomato,Enterprise,Automation,Bengaluru,"Lightspeed India, Nexus Venture Partners, Y Combinator",Series A,6169000,2020-12-08,2020,4,6.7902147702439795,Growth
Cars24,Media,Content,Noida,Blume Ventures,Series A,1055000,2024-11-17,2024,4,6.023252459633712,Growth
Mobikwik,SaaS,DevTools,Mumbai,"Sequoia Capital India, Ventures India",Series D,63545000,2022-06-18,2022,2,7.8030813840349875,Late
FarmBox,Mobility,Ride Sharing,Mumbai,"Prosus Ventures, Y Combinator",Seed,956000,2024-01-04,2024,1,5.9804578922761005,Early
WorkPay,Mobility,EV,Gurugram,LCatterton,Seed,97000,2022-05-28,2022,2,4.986771734266245,Early
ShareChat,FinTech,InsurTech,Delhi,"Accel, Peak XV",Series C,117144000,2024-01-09,2024,1,8.068720049368126,Late
HyperLabs,Retail,E-Retail,Chennai,Prosus Ventures,Seed,120000,2024-04-03,2024,2,5.079181246047625,Early
WorkPay,FinTech,NeoBank,Hyderabad,"IFC, Kedaara Capital",Pre-Series A,126000,2024-12-19,2024,4,5.1003705451175625,Early
HyperLabs,FinTech,WealthTech,Noida,"Kalaari Capital, LCatterton, Ribbit Capital",Series A,1932000,2020-10-27,2020,4,6.286007122079474,Growth
Ola,Media,Content,Chennai,Accel,Series C,141411000,2024-12-09,2024,4,8.150483193431825,Late
WorkStack,Media,Streaming,Delhi,Lightspeed India,Series A,10148000,2023-01-12,2023,1,7.006380458549693,Growth
FreshTech,Retail,Fashion,Delhi,"Matrix Partners India, Omidyar Network",Pre-Seed,135000,2024-12-28,2024,4,5.1303337684950066,Early
Oyo,Media,Content,Noida,Matrix Partners India,Seed,216000,2020-05-02,2020,2,5.334453751150931,Early
ClearDekho,SaaS,B2B SaaS,Bengaluru,Info Edge,Series C,122112000,2025-04-11,2025,2,8.086758344351964,Late
MediHive,EdTech,K12,Pune,"A91 Partners, Nexus Venture Partners, Y Combinator",Seed,107000,2023-09-27,2023,3,5.02938377768521,Early
LogiMart,Mobility,Micro Mobility,Gurugram,"Accel, Kedaara Capital",Series C,44238000,2022-01-09,2022,1,7.645795484286742,Late
Flipkart,E-commerce,Quick Commerce,Bengaluru,"Accel, Lightspeed India",Pre-Series A,788000,2020-09-23,2020,3,5.896526217489555,Early
CoreConnect,Mobility,EV,Hyderabad,"Prosus Ventures, Tiger Global",Series A,1036000,2023-07-27,2023,3,6.015359755409214,Growth
NeoLabs,FoodTech,Cloud Kitchen,Delhi,"Falcon Edge, Info Edge, Tiger Global",Series A,1261000,2022-09-19,2022,3,6.100715086573081,Growth
Housejoy,Media,Social,Kolkata,Peak XV,Series A,1756000,2024-03-08,2024,1,6.244524511570083,Growth
Nykaa,E-commerce,Grocery,Chennai,"Elevation Capital, Falcon Edge",Seed,55000,2022-01-26,2022,1,4.740362689494244,Early
Housejoy,SaaS,HRTech,Pune,Bessemer Venture Partners,Seed,98000,2022-09-22,2022,3,4.991226075692495,Early
SmartCare,FoodTech,Cloud Kitchen,Hyderabad,Zodius Capital,Private Equity,382861000,2021-03-17,2021,1,8.583041129347347,Late
NeoLabs_904,Mobility,EV,Mumbai,A91 Partners,Growth,152047000,2022-05-05,2022,2,8.18197785561268,Late
BlueSpace,Consumer Electronics,Smart Home,Ahmedabad,"Ribbit Capital, Ventures India",Seed,1346000,2020-10-10,2020,4,6.129045059887958,Early
EduMart,Media,Content,Mumbai,"Kalaari Capital, Matrix Partners India",Series C,182986000,2023-09-22,2023,3,8.26241786374501,Late
AutoMart,FinTech,InsurTech,Hyderabad,Kedaara Capital,Series B,12899000,2024-11-08,2024,4,7.110556042755381,Growth
FreshTech,E-commerce,Grocery,Mumbai,"A91 Partners, Tiger Global",Seed,130000,2023-06-21,2023,2,5.113943352306837,Early
FinFoods,Mobility,Ride Sharing,Mumbai,Tiger Global,Series B,14327000,2022-12-25,2022,4,7.156155260889687,Growth
SkillSolutions,EdTech,Coding Bootcamp,Mumbai,Kalaari Capital,Series C,98917000,2023-05-27,2023,2,7.995270936407388,Late
FarmFit,FinTech,WealthTech,Chennai,"Matrix Partners India, SoftBank Vision Fund",Seed,134000,2020-02-19,2020,1,5.127104798364807,Early
Porter,E-commerce,Grocery,Delhi,Ventures India,Seed,500000,2021-01-09,2021,1,5.698970004336019,Early
HyperLoop,FoodTech,Grocery,Delhi,Blume Ventures,Seed,226000,2025-05-22,2025,2,5.354108439147401,Early
NimbusMart,E-commerce,D2C,Delhi,Y Combinator,Pre-Series A,356000,2021-10-25,2021,4,5.551449997972875,Early
Housejoy,FinTech,Lending,Gurugram,Mirae Asset,Series C,65156000,2023-04-15,2023,2,7.813954414628949,Late
ClearDekho,FoodTech,Cloud Kitchen,Hyderabad,"Kalaari Capital, Mirae Asset",Seed,148000,2022-08-09,2022,3,5.1702617153949575,Early
Freshworks,RealEstate,PropTech,Bengaluru,"Matrix Partners India, Prosus Ventures",Seed,1654000,2025-05-27,2025,2,6.218535505216527,Early
FreshSolutions,FoodTech,Food Delivery,Mumbai,Bessemer Venture Partners,Series D,290119000,2022-10-21,2022,4,8.462576171839377,Late
SmartCare,HealthTech,Diagnostics,Noida,"Info Edge, Sequoia Capital India",Bridge,84000,2025-05-22,2025,2,4.924279286061882,Other
SmartMart,AgriTech,Smart Farming,Delhi,"Elevation Capital, Matrix Partners India",Pre-Seed,148000,2025-03-26,2025,1,5.1702617153949575,Early
QuantumAnalytics,Enterprise,Automation,Gurugram,Tiger Global,Series A,3743000,2022-11-11,2022,4,6.573219827114422,Growth
CRED,Logistics,Last Mile,Chennai,Kedaara Capital,Series B,59720000,2024-08-27,2024,3,7.776119799052988,Growth
QuantumSolutions,EdTech,UpSkilling,Pune,"Info Edge, Matrix Partners India, Tiger Global",Series B,45929000,2025-06-29,2025,2,7.662086989741682,Growth
DataHive,AgriTech,Smart Farming,Bengaluru,"LCatterton, Omidyar Network, Sequoia Capital India",Angel,18000,2020-09-30,2020,3,4.2552725051033065,Early
MediSpace,FoodTech,Grocery,Kolkata,Bessemer Venture Partners,Series C,21255000,2023-01-07,2023,1,7.327461109303141,Late
Dunzo,Mobility,Ride Sharing,Kolkata,"Y Combinator, Zodius Capital",Series B,10531000,2021-12-23,2021,4,7.022469612767769,Growth
EduTech,Retail,Fashion,Bengaluru,Info Edge,Seed,369000,2022-01-28,2022,1,5.567026366159061,Early
HomeAnalytics,Retail,Grocery,Pune,"Ribbit Capital, Zodius Capital",Seed,517000,2024-07-29,2024,3,5.713490543093942,Early
HomeAnalytics,Consumer Electronics,Wearables,Bengaluru,"Kedaara Capital, Lightspeed India",Seed,129000,2025-01-26,2025,1,5.110589710299249,Early
AutoMart,Logistics,Fleet Management,Noida,Prosus Ventures,Series A,1458000,2023-02-04,2023,1,6.163757523981956,Growth
NoBroker,E-commerce,Grocery,Delhi,Peak XV,Series B,50620000,2020-09-17,2020,3,7.704322140822235,Growth
HomeFoods,Media,Content,Gurugram,"Omidyar Network, Prosus Ventures",Series D,482361000,2020-02-17,2020,1,8.683372186840442,Late
AutoFlow_933,FoodTech,Grocery,Bengaluru,"Kalaari Capital, Zodius Capital",Series D,167749000,2021-10-23,2021,4,8.224659939894524,Late
NeoTech,Consumer Electronics,Wearables,Pune,"Elevation Capital, Kalaari Capital, Lightspeed India",Series A,1592000,2020-03-30,2020,1,6.20194306340165,Growth
EduMart,FoodTech,Cloud Kitchen,Pune,Tiger Global,Seed,137000,2023-03-17,2023,1,5.136720567156407,Early
Zepto,Media,Content,Mumbai,SoftBank Vision Fund,Angel,5000,2021-02-07,2021,1,3.6989700043360187,Early
Byju's,RealEstate,Rental Tech,Mumbai,Omidyar Network,Pre-Seed,164000,2022-06-03,2022,2,5.214843848047698,Early
WorkStack,EdTech,Test Prep,Kolkata,Zodius Capital,Seed,77000,2021-11-28,2021,4,4.886490725172482,Early
FinSpace,Retail,Fashion,Ahmedabad,"Info Edge, Nexus Venture Partners, Tiger Global",Series A,4765000,2020-07-14,2020,3,6.678062904974345,Growth
GreenMart,Enterprise,Automation,Mumbai,"Omidyar Network, Tiger Global",Series C,42009000,2020-05-06,2020,2,7.623342343531543,Late
Paytm,E-commerce,Quick Commerce,Bengaluru,"Kalaari Capital, Ribbit Capital",Series A,4485000,2021-08-26,2021,3,6.6517624473801105,Growth
Flipkart,EdTech,Test Prep,Kolkata,"IFC, Ribbit Capital",Pre-Series A,448000,2024-06-16,2024,2,5.6512780139981444,Early
BlueSpace,RealEstate,PropTech,Kolkata,Accel,Series A,9459000,2023-04-18,2023,2,6.975845225467567,Growth
UrbanStack,E-commerce,Grocery,Gurugram,"Falcon Edge, Mirae Asset, Y Combinator",Angel,9000,2020-09-15,2020,3,3.9542425094393248,Early
Ola,HealthTech,Diagnostics,Delhi,SoftBank Vision Fund,Series C,20605000,2020-05-03,2020,2,7.313972618860607,Late
DriveEdge,RealEstate,Home Services,Hyderabad,Nexus Venture Partners,Series A,1449000,2023-01-13,2023,1,6.161068385471174,Growth
FreshTech,Logistics,Supply Chain,Bengaluru,"Matrix Partners India, Nexus Venture Partners, Zodius Capital",Series A,11442000,2023-09-08,2023,3,7.05850194342965,Growth
Udaan,FoodTech,Food Delivery,Gurugram,Bessemer Venture Partners,Bridge,1256000,2023-08-04,2023,3,6.098989639401177,Other
DataHive,Consumer Electronics,Smart Home,Kolkata,"A91 Partners, SoftBank Vision Fund",Series A,5042000,2021-11-09,2021,4,6.702602841340427,Growth
Delhivery,FoodTech,Food Delivery,Delhi,Mirae Asset,Seed,458000,2024-11-29,2024,4,5.66086547800387,Early
Rapido,RealEstate,PropTech,Gurugram,Mirae Asset,Series A,6055000,2021-03-12,2021,1,6.782114147479071,Growth
FreshBox,FoodTech,Cloud Kitchen,Chennai,Sequoia Capital India,Seed,95000,2020-01-14,2020,1,4.977723605288848,Early
Licious,FinTech,NeoBank,Mumbai,Ribbit Capital,Seed,1459000,2022-06-20,2022,2,6.164055291893452,Early
ShareChat,FinTech,Payments,Gurugram,LCatterton,Seed,234000,2020-12-22,2020,4,5.3692158574101425,Early
NoBroker,SaaS,DevTools,Delhi,LCatterton,Seed,205000,2020-12-26,2020,4,5.311753861055754,Early
DataAnalytics,HealthTech,Health Analytics,Mumbai,Info Edge,Seed,339000,2021-03-06,2021,1,5.5301996982030825,Early
Nykaa,Retail,Grocery,Delhi,IFC,Bridge,59000,2025-06-24,2025,2,4.770852011642144,Other
Byju's,E-commerce,Marketplace,Delhi,Y Combinator,Series C,31376000,2021-01-27,2021,1,7.496597576323709,Late
DriveLoop,EdTech,Test Prep,Ahmedabad,"Elevation Capital, Nexus Venture Partners",Series A,7379000,2024-10-15,2024,4,6.867997510344951,Growth
LogiMart_960,Retail,Grocery,Delhi,"LCatterton, Lightspeed India",Series D,60502000,2025-06-06,2025,2,7.781769731257548,Late
HealthRise,Retail,Fashion,Ahmedabad,"Ribbit Capital, Ventures India",Seed,463000,2022-11-07,2022,4,5.665580991017953,Early
NimbusWorks,Consumer Electronics,Audio,Pune,"Mirae Asset, Peak XV",Series B,9872000,2022-12-12,2022,4,6.994405146689166,Growth
FoodFit,Retail,Fashion,Bengaluru,Info Edge,Seed,210000,2025-01-06,2025,1,5.3222192947339195,Early
FinSpace,Logistics,Supply Chain,Chennai,Matrix Partners India,Series A,2185000,2025-03-30,2025,1,6.339451441306441,Growth
WorkFit,E-commerce,D2C,Kolkata,"Falcon Edge, Tiger Global",Series A,2620000,2021-04-16,2021,2,6.418301291319746,Growth
BlueSpace,Consumer Electronics,Wearables,Chennai,Elevation Capital,Pre-Series A,524000,2022-10-15,2022,4,5.719331286983727,Early
GrowthFlow,EdTech,UpSkilling,Mumbai,Zodius Capital,Pre-Series A,198000,2020-06-17,2020,2,5.296665190261531,Early
HealthRise,EdTech,Test Prep,Mumbai,Lightspeed India,Seed,404000,2020-03-19,2020,1,5.606381365110605,Early
FreshBox,Media,Streaming,Hyderabad,Tiger Global,Seed,289000,2023-05-22,2023,2,5.460897842756548,Early
Swiggy,FinTech,WealthTech,Hyderabad,"Peak XV, Zodius Capital",Series C,120661000,2024-05-22,2024,2,8.08156692028987,Late
UrbanStack,Mobility,Ride Sharing,Chennai,"Lightspeed India, Matrix Partners India, Omidyar Network",Seed,1584000,2024-01-21,2024,1,6.199755177253475,Early
InMobi,Media,Content,Pune,Info Edge,Series C,145412000,2021-10-03,2021,4,8.162600247779816,Late
SkillRise,Consumer Electronics,Smart Home,Bengaluru,Elevation Capital,Pre-Series A,164000,2023-03-28,2023,1,5.214843848047698,Early
MediSpace,RealEstate,Home Services,Pune,"Prosus Ventures, Ventures India",Seed,56000,2022-05-21,2022,2,4.748188027006201,Early
Delhivery,SaaS,B2B SaaS,Ahmedabad,Nexus Venture Partners,Series C,40689000,2025-03-03,2025,1,7.609477016473619,Late
FreshBox,Retail,Fashion,Ahmedabad,"Kalaari Capital, Lightspeed India",Series A,5010000,2022-03-11,2022,1,6.699837725867246,Growth
AeroHub,E-commerce,D2C,Ahmedabad,Accel,Bridge,60000,2023-08-01,2023,3,4.778151250383644,Other
Zomato,RealEstate,Rental Tech,Delhi,"Blume Ventures, Mirae Asset",Pre-Seed,63000,2023-11-12,2023,4,4.799340549453582,Early
CRED,FoodTech,Food Delivery,Gurugram,Tiger Global,Seed,452000,2023-09-12,2023,3,5.6551384348113825,Early
MediSpace,Enterprise,Security,Chennai,Falcon Edge,Seed,172000,2020-08-14,2020,3,5.235528446907549,Early
GrowthCare,FoodTech,Cloud Kitchen,Delhi,"Prosus Ventures, Zodius Capital",Growth,382414000,2021-09-26,2021,3,8.582533783215595,Late
NextSense,Logistics,Fleet Management,Gurugram,"Elevation Capital, Sequoia Capital India",Series A,1335000,2023-11-03,2023,4,6.125481265700594,Growth
SmartCare,Enterprise,Security,Ahmedabad,LCatterton,Series C,24513000,2022-12-12,2022,4,7.389396465218475,Late
NeoLabs,AgriTech,Supply Chain,Mumbai,"Y Combinator, Zodius Capital",Seed,734000,2024-12-09,2024,4,5.86569605991607,Early
Delhivery,FoodTech,Grocery,Delhi,"Info Edge, Ventures India",Pre-Series A,313000,2021-01-02,2021,1,5.495544337546448,Early
BlueTech,E-commerce,Fashion,Bengaluru,Elevation Capital,Seed,634000,2024-11-17,2024,4,5.8020892578817325,Early
Cars24,RealEstate,PropTech,Gurugram,"Nexus Venture Partners, Y Combinator",Angel,18000,2022-04-22,2022,2,4.2552725051033065,Early
Zomato,Mobility,EV,Chennai,Falcon Edge,Series A,1949000,2021-06-01,2021,2,6.289811839117622,Growth
SmartMart_989,RealEstate,Rental Tech,Kolkata,"IFC, Kalaari Capital",Pre-Series A,659000,2024-03-07,2024,1,5.81888541459401,Early
MediSpace,Media,Social,Pune,"Accel, Info Edge",Series B,45874000,2022-08-08,2022,3,7.6615666102472755,Growth
HomeMart,Consumer Electronics,Audio,Kolkata,Blume Ventures,Series C,131237000,2024-09-19,2024,3,8.118056294113147,Late
PhonePe,AgriTech,Supply Chain,Delhi,"Accel, Kalaari Capital, Ventures India",Seed,136000,2022-12-30,2022,4,5.133538908370218,Early
SkillFlow,SaaS,DevTools,Gurugram,"Falcon Edge, Info Edge, Tiger Global",Series B,25685000,2025-01-02,2025,1,7.409679570060356,Growth
Zomato,FoodTech,Grocery,Hyderabad,Tiger Global,Series A,2658000,2023-05-10,2023,2,6.424554976606713,Growth
UrbanSolutions,EdTech,UpSkilling,Gurugram,Sequoia Capital India,Seed,70000,2020-02-02,2020,1,4.845098040014257,Early
CloudLabs,E-commerce,Marketplace,Mumbai,"Blume Ventures, Kalaari Capital",Series C,239814000,2024-08-27,2024,3,8.379874532996645,Late
AeroStack,SaaS,DevTools,Ahmedabad,"Nexus Venture Partners, Peak XV",Seed,83000,2023-01-14,2023,1,4.919078092376074,Early
Meesho,E-commerce,D2C,Pune,"Info Edge, Kalaari Capital, SoftBank Vision Fund",Seed,1665000,2022-04-03,2022,2,6.221414237842339,Early
Byju's,RealEstate,Home Services,Ahmedabad,Kalaari Capital,Pre-Series A,279000,2020-05-17,2020,2,5.445604203273597,Early
Chargebee,E-commerce,Grocery,Ahmedabad,Omidyar Network,Seed,99000,2025-05-18,2025,2,4.99563519459755,Early
UrbanDrive,Retail,Fashion,Delhi,"IFC, Mirae Asset, SoftBank Vision Fund",Seed,369000,2023-07-25,2023,3,5.567026366159061,Early
WorkStack_1002,AgriTech,Smart Farming,Chennai,Falcon Edge,Series A,10633000,2024-02-28,2024,1,7.026655813877043,Growth
UrbanStack,AgriTech,Supply Chain,Hyderabad,Ribbit Capital,Seed,745000,2022-05-27,2022,2,5.872156272748293,Early
HealthWorks,Consumer Electronics,Wearables,Gurugram,"Omidyar Network, Peak XV, Sequoia Capital India",Seed,980000,2021-02-22,2021,1,5.991226075692495,Early
Ola,Media,Content,Delhi,Falcon Edge,Seed,568000,2023-08-11,2023,3,5.754348335711019,Early
SkillRise,Logistics,Last Mile,Gurugram,Matrix Partners India,Series D,246176000,2021-11-09,2021,4,8.391245710757653,Late
Udaan,RealEstate,PropTech,Gurugram,"Info Edge, SoftBank Vision Fund",Series A,9971000,2022-02-20,2022,1,6.998738716255818,Growth
MediHive_1008,Consumer Electronics,Audio,Gurugram,Nexus Venture Partners,Seed,126000,2020-10-16,2020,4,5.1003705451175625,Early
NoBroker,AgriTech,Marketplace,Gurugram,"Kedaara Capital, SoftBank Vision Fund",Seed,304000,2020-06-09,2020,2,5.482873583608754,Early
BlueRise,HealthTech,Diagnostics,Hyderabad,"IFC, Lightspeed India, Mirae Asset",Seed,113000,2022-07-07,2022,3,5.05307844348342,Early
ShareChat,FoodTech,Food Delivery,Delhi,"Info Edge, Omidyar Network",Series A,14507000,2022-05-15,2022,2,7.1615776110488705,Growth
HyperLoop,Retail,Grocery,Bengaluru,Ventures India,Series C,257828000,2022-05-25,2022,2,8.411330079755828,Late
Delhivery,AgriTech,Marketplace,Delhi,Y Combinator,Series A,1113000,2020-12-25,2020,4,6.046495164334709,Growth
BigBasket,Consumer Electronics,Wearables,Chennai,SoftBank Vision Fund,Series A,6758000,2022-09-11,2022,3,6.829818187438877,Growth
CoreSpace,EdTech,Test Prep,Bengaluru,"Kalaari Capital, Y Combinator",Growth,574676000,2024-02-04,2024,1,8.75942306021842,Late
AutoMart,SaaS,MarTech,Kolkata,Kalaari Capital,Seed,97000,2023-04-19,2023,2,4.986771734266245,Early
GrowthConnect,E-commerce,Fashion,Ahmedabad,"Bessemer Venture Partners, Peak XV",Seed,406000,2024-04-11,2024,2,5.608526033577194,Early
NextFlow,Consumer Electronics,Smart Home,Pune,"Peak XV, Ventures India",Series B,63289000,2023-08-26,2023,3,7.801328233644006,Growth
HomeMart,Enterprise,Security,Bengaluru,Matrix Partners India,Series B,5493000,2023-08-14,2023,3,6.739809599021359,Growth
AutoFlow,HealthTech,Pharmacy,Gurugram,"Bessemer Venture Partners, Sequoia Capital India, Zodius Capital",Series A,6610000,2025-05-03,2025,2,6.820201459485641,Growth
AeroHub,AgriTech,Supply Chain,Noida,"Blume Ventures, Info Edge",Angel,12000,2024-11-29,2024,4,4.079181246047625,Early
Oyo,Mobility,Micro Mobility,Chennai,"Peak XV, Ventures India",Series A,12223000,2024-02-12,2024,1,7.087177811761157,Growth
Unacademy,E-commerce,Grocery,Pune,"Kedaara Capital, Lightspeed India, Ventures India",Series C,277385000,2021-07-04,2021,3,8.443082972262271,Late
MediHive,Enterprise,Security,Bengaluru,"Elevation Capital, Kalaari Capital",Seed,1628000,2024-05-03,2024,2,6.211654400553183,Early
Paytm,HealthTech,Diagnostics,Pune,Mirae Asset,Seed,288000,2020-10-02,2020,4,5.459392487759231,Early
AeroAnalytics,Consumer Electronics,Smart Home,Gurugram,"Blume Ventures, Matrix Partners India, Ventures India",Seed,1202000,2020-04-30,2020,2,6.07990446766672,Early
Freshworks,Consumer Electronics,Smart Home,Ahmedabad,Accel,Seed,1127000,2023-07-27,2023,3,6.051923916046107,Early
WorkFit,Logistics,Last Mile,Pune,"Mirae Asset, Ventures India",Pre-Seed,42000,2021-04-25,2021,2,4.623249290397901,Early
MediSpace_1029,Retail,E-Retail,Ahmedabad,Lightspeed India,Series C,188760000,2020-03-26,2020,1,8.275909968670911,Late
MediHive,Mobility,EV,Kolkata,"Info Edge, Y Combinator",Series A,1105000,2021-11-21,2021,4,6.04336227802113,Growth
DataHive,Enterprise,Analytics,Pune,"Tiger Global, Y Combinator",Series B,26119000,2022-02-14,2022,1,7.4169565453903425,Growth
FreshBox,FinTech,InsurTech,Chennai,Sequoia Capital India,Series B,9461000,2024-12-23,2024,4,6.97593704248311,Growth
NeoTech,Logistics,Fleet Management,Gurugram,"Kalaari Capital, Mirae Asset, Prosus Ventures",Pre-Series A,132000,2023-06-20,2023,2,5.12057393120585,Early
FinFoods_1034,RealEstate,Home Services,Bengaluru,Tiger Global,Series B,6189000,2024-11-23,2024,4,6.791620482692814,Growth
NeoSense,EdTech,Coding Bootcamp,Chennai,Y Combinator,Series B,34466000,2024-06-14,2024,2,7.537390883676905,Growth
FarmBox,Enterprise,Automation,Mumbai,"Lightspeed India, Nexus Venture Partners",Series B,12830000,2021-08-24,2021,3,7.108226656374929,Growth
ClearDekho,FinTech,Lending,Kolkata,"Mirae Asset, Tiger Global",Series C,142371000,2021-09-09,2021,3,8.153421535490452,Late
EduMart,Consumer Electronics,Smart Home,Noida,Ventures India,Seed,64000,2021-03-09,2021,1,4.8061799739838875,Early
Unacademy,E-commerce,Fashion,Bengaluru,LCatterton,Seed,160000,2025-03-17,2025,1,5.204119982655925,Early
QuantumSolutions,Logistics,Fleet Management,Kolkata,Prosus Ventures,Bridge,366000,2023-10-05,2023,4,5.563481085394411,Other
NeoLabs,Media,Content,Gurugram,"SoftBank Vision Fund, Tiger Global",Angel,53000,2024-04-18,2024,2,4.724275869600789,Early
QuantumAnalytics,Retail,Fashion,Chennai,Nexus Venture Partners,Series C,47415000,2021-04-02,2021,2,7.675915754895261,Late
Unacademy,E-commerce,Quick Commerce,Pune,Ventures India,Series B,28354000,2025-04-03,2025,2,7.452614335023878,Growth
Porter,AgriTech,Smart Farming,Delhi,"A91 Partners, Sequoia Capital India",Series D,384546000,2025-05-07,2025,2,8.584948298236922,Late
HealthWorks,EdTech,Coding Bootcamp,Chennai,"Nexus Venture Partners, Peak XV, Prosus Ventures",Seed,485000,2022-01-17,2022,1,5.685741738602264,Early
HomeAnalytics,FinTech,NeoBank,Kolkata,Zodius Capital,Seed,118000,2024-07-29,2024,3,5.071882007306125,Early
Chargebee,RealEstate,Home Services,Delhi,"Bessemer Venture Partners, Kedaara Capital, Prosus Ventures",Series A,1068000,2020-10-25,2020,4,6.0285712526925375,Growth
FoodLoop,Media,Social,Hyderabad,"Mirae Asset, Zodius Capital",Debt,22303000,2023-12-17,2023,4,7.3483632843851865,Other
NimbusLabs,FoodTech,Cloud Kitchen,Pune,IFC,Seed,54000,2024-01-07,2024,1,4.732393759822968,Early
Zepto,Media,Streaming,Bengaluru,IFC,Angel,69000,2024-05-08,2024,2,4.838849090737256,Early
DriveFit,Enterprise,Automation,Delhi,"Prosus Ventures, SoftBank Vision Fund",Debt,2677000,2023-01-27,2023,1,6.427648371186932,Other
NextFlow,FoodTech,Cloud Kitchen,Noida,"A91 Partners, Kedaara Capital, LCatterton",Series B,67565000,2021-08-01,2021,3,7.829721781101162,Growth
Wakefit,HealthTech,Pharmacy,Ahmedabad,"Elevation Capital, Omidyar Network, Prosus Ventures",Growth,411602000,2020-04-20,2020,2,8.614477476359719,Late
Ola,Media,Content,Hyderabad,Bessemer Venture Partners,Angel,99000,2021-03-05,2021,1,4.99563519459755,Early
BlueRise,FinTech,WealthTech,Ahmedabad,Y Combinator,Seed,182000,2024-05-27,2024,2,5.260071387985075,Early
DriveLoop,HealthTech,Telemedicine,Mumbai,Peak XV,Pre-Series A,585000,2022-08-28,2022,3,5.76715586608218,Early
Housejoy,Mobility,Micro Mobility,Pune,Ribbit Capital,Series A,2970000,2025-06-09,2025,2,6.472756449317212,Growth
CoreConnect,E-commerce,Marketplace,Chennai,"Peak XV, Ribbit Capital",Series A,3668000,2023-11-09,2023,4,6.564429326997984,Growth
UrbanSolutions,Retail,Fashion,Mumbai,"Info Edge, Ribbit Capital, Y Combinator",Series C,109404000,2024-11-06,2024,4,8.03903320084723,Late
MediSpace,E-commerce,Quick Commerce,Kolkata,"Lightspeed India, Omidyar Network",Series B,56361000,2025-02-03,2025,1,7.75097869009078,Growth
GrowthCare,Media,Social,Ahmedabad,"Elevation Capital, Kedaara Capital, Nexus Venture Partners",Seed,1886000,2022-09-18,2022,3,6.27554168840131,Early
NeoSense_1062,Enterprise,Automation,Delhi,Kalaari Capital,Pre-Series A,587000,2023-12-06,2023,4,5.768638101247615,Early
NeoLabs_1063,Enterprise,Automation,Noida,"Nexus Venture Partners, Tiger Global, Ventures India",Series B,15923000,2024-06-06,2024,2,7.202024895104038,Growth
Housejoy,HealthTech,Diagnostics,Bengaluru,Nexus Venture Partners,Series A,3130000,2024-06-27,2024,2,6.495544337546448,Growth
FreshSolutions,RealEstate,PropTech,Mumbai,Accel,Series A,7370000,2024-10-09,2024,4,6.867467487859051,Growth
NeoTech,SaaS,DevTools,Chennai,Matrix Partners India,Bridge,121000,2023-09-09,2023,3,5.08278537031645,Other
FarmFit,Mobility,EV,Noida,"Falcon Edge, Kedaara Capital",Series A,1349000,2023-03-27,2023,1,6.130011949671904,Growth
AgriFit,Mobility,Ride Sharing,Mumbai,Sequoia Capital India,Series B,13365000,2020-04-01,2020,2,7.125968963092556,Growth
SmartCare,Enterprise,Analytics,Delhi,"Nexus Venture Partners, Y Combinator",Series A,2177000,2021-03-18,2021,1,6.337858429041094,Growth
Innovaccer,E-commerce,Grocery,Hyderabad,Kalaari Capital,Seed,149000,2023-08-23,2023,3,5.173186268412274,Early
WorkFit,RealEstate,Home Services,Delhi,"Kedaara Capital, Tiger Global, Ventures India",Series A,1883000,2020-05-24,2020,2,6.2748503200166645,Growth
CloudLabs,AgriTech,Marketplace,Noida,SoftBank Vision Fund,Series A,1121000,2022-05-09,2022,2,6.0496056125949735,Growth
DriveEdge,AgriTech,Supply Chain,Mumbai,Prosus Ventures,Seed,53000,2022-12-24,2022,4,4.724275869600789,Early
Freshworks,E-commerce,D2C,Mumbai,Nexus Venture Partners,Pre-Series A,972000,2021-11-14,2021,4,5.987666264926275,Early
Zepto,Logistics,Last Mile,Mumbai,Y Combinator,Pre-Series A,268000,2025-06-07,2025,2,5.4281347940287885,Early
Zomato,Retail,E-Retail,Delhi,Omidyar Network,Series A,2831000,2024-11-28,2024,4,6.451939869365103,Growth
NeoLabs,SaaS,HRTech,Noida,Blume Ventures,Seed,613000,2020-07-21,2020,3,5.787460474518415,Early
UrbanDrive,Retail,Fashion,Noida,"Mirae Asset, Nexus Venture Partners",Series A,1806000,2024-12-11,2024,4,6.256717745977487,Growth
MediSpace,Media,Social,Delhi,"LCatterton, Matrix Partners India, Ribbit Capital",Seed,1663000,2023-03-08,2023,1,6.220892249219519,Early
Nykaa,Media,Social,Ahmedabad,Info Edge,Pre-Series A,611000,2022-07-26,2022,3,5.786041210242554,Early
AgriFit,Mobility,EV,Hyderabad,"Elevation Capital, IFC, Zodius Capital",Bridge,70000,2022-12-02,2022,4,4.845098040014257,Other
Unacademy,Logistics,Supply Chain,Pune,Tiger Global,Series D,130783000,2023-07-23,2023,3,8.116551295318398,Late
MediWorks,HealthTech,Telemedicine,Mumbai,"Sequoia Capital India, Zodius Capital",Series B,57218000,2023-02-08,2023,1,7.757532673389831,Growth
Innovaccer,RealEstate,Rental Tech,Delhi,"Kedaara Capital, LCatterton, Tiger Global",Series A,12915000,2022-11-20,2022,4,7.111094410509336,Growth
CoreConnect_1085,EdTech,Test Prep,Chennai,Matrix Partners India,Series B,18272000,2024-03-15,2024,1,7.261786086565754,Growth
Razorpay,AgriTech,Smart Farming,Delhi,"Blume Ventures, LCatterton",Series B,27390000,2024-12-11,2024,4,7.437592032253962,Growth
Mobikwik,Enterprise,Analytics,Noida,"Blume Ventures, Mirae Asset",Pre-Series A,147000,2020-04-14,2020,2,5.1673173347481764,Early
FreshToHome,SaaS,DevTools,Noida,Elevation Capital,Series D,489935000,2024-10-22,2024,4,8.690138465714574,Late
AgriHive,EdTech,Test Prep,Ahmedabad,Peak XV,Pre-Series A,170000,2025-03-05,2025,1,5.230448921378274,Early
GrowthConnect,AgriTech,Smart Farming,Bengaluru,"SoftBank Vision Fund, Y Combinator",Pre-Series A,876000,2023-06-14,2023,2,5.942504106168081,Early
MediHive,Media,Social,Chennai,"Accel, Mirae Asset",Pre-Series A,446000,2020-07-26,2020,3,5.649334858712142,Early
HyperLoop,Consumer Electronics,Audio,Delhi,Mirae Asset,Series C,103701000,2021-05-27,2021,2,8.015782944358067,Late
NimbusWorks,FoodTech,Cloud Kitchen,Noida,"Info Edge, Prosus Ventures",Series C,80168000,2020-08-10,2020,3,7.904001049123167,Late
FinSense,FoodTech,Cloud Kitchen,Pune,Accel,Private Equity,170086000,2023-12-23,2023,4,8.230668567739723,Late
HealthAnalytics_1095,FoodTech,Food Delivery,Pune,"Lightspeed India, Mirae Asset, Prosus Ventures",Angel,8000,2020-11-24,2020,4,3.9030899869919438,Early
NextStack,Consumer Electronics,Smart Home,Kolkata,SoftBank Vision Fund,Series C,36336000,2024-01-02,2024,1,7.56033711687566,Late
FoodFit,Media,Content,Delhi,Nexus Venture Partners,Seed,99000,2020-08-08,2020,3,4.99563519459755,Early
FoodSolutions,Retail,Fashion,Gurugram,Info Edge,Seed,887000,2024-08-26,2024,3,5.947923619831727,Early
MediSpace,Logistics,Supply Chain,Kolkata,Ribbit Capital,Seed,182000,2022-05-28,2022,2,5.260071387985075,Early
